-2.9868932370026386,-3.3566585144692302,2.927611712953753,0.6086517563701964,0.627679931024924,-0.4626268345397314,0.14675610930986727,16.503636082456044,14.725002966295756,1.8116494531561222,-2.9112256511558274,2.2304387278514928,-1.958796018550608,0.0,0.0,0.0,0.0,0.0,0.0
-2.8768545504332903,-3.258166694795938,2.932146474732293,0.6201413285531581,0.6232025555425149,-0.4547056091425986,0.14242933826940668,16.324003067406977,14.479559005426669,0.6618934252079516,-3.145887951666373,2.358192960335479,-2.107831273888645,0.0,0.0,0.0,0.0,0.0,0.0
-2.7672780880750563,-3.1610907215734523,2.927304487639485,0.6315890978672333,0.6187491808536129,-0.44630753534250556,0.13803712016966982,16.253406860877572,14.555203157773427,-0.7217301905295659,-3.189055494531897,2.4775416815386984,-2.2547269589153025,0.0,0.0,0.0,0.0,0.0,0.0
-2.6566394150781374,-3.0612067231149998,2.917054990846442,0.6432848523333372,0.6138972872409832,-0.4375908313370076,0.1335252178669811,16.368739736458956,14.503080587887647,-1.512969148907155,-3.1944402660540154,2.540038909874138,-2.2547269589153025,0.0,0.0,0.0,0.0,0.0,0.0
-2.5467824332601436,-2.9639519318823853,2.8965483831621457,0.654574823859992,0.6090171984976367,-0.42882569985079855,0.12937685670251742,16.231240442726605,14.650411698636901,-3.056645461341011,-3.1944402660540154,2.540038909874138,-2.271030191001185,0.0,0.0,0.0,0.0,0.0,0.0
-2.437688121962561,-2.865170589620911,2.867297226348851,0.6655361467356729,0.6041231594478702,-0.42020077417571794,0.12461201783569417,16.187056872369844,14.615265640392026,-4.318944064020493,-3.1944402660540154,2.4129573788200953,-2.2516329916679316,0.0,0.0,0.0,0.0,0.0,0.0
-2.3290682613914506,-2.7670979054642943,2.8292519072433837,0.6763843053171102,0.5989608652062067,-0.4115568709837113,0.11987950374529918,16.18013099614932,14.608801947259213,-5.669697427796701,-3.222945899816132,2.4129573788200953,-2.260478146526635,0.0,0.0,0.0,0.0,0.0,0.0
-2.219414441139562,-2.668230763764441,2.785209181941443,0.6873744815022341,0.5935978631989132,-0.4022752533784336,0.11546652980208738,16.187056872369844,14.615265640392026,-6.502924592700079,-3.222945899816132,2.4129573788200953,-2.2516329916679316,0.0,0.0,0.0,0.0,0.0,0.0
-2.110561123977711,-2.569383553396385,2.7315509389697996,0.6978320726704721,0.5881553736531834,-0.3934848073007261,0.11078520306804585,16.148977914021703,14.664517891750744,-7.960490348363561,-3.222945899816132,2.403084516123808,-2.260478146526635,0.0,0.0,0.0,0.0,0.0,0.0
-2.001875793205163,-2.4701124128889225,2.669483566129685,0.7081246890006222,0.5826555917324905,-0.38453790998629106,0.1058417783014294,16.148977914021703,14.664517891750744,-9.250894785998527,-3.2095923867040512,2.403084516123808,-2.2117516076544836,0.0,0.0,0.0,0.0,0.0,0.0
-1.8935160775820887,-2.371983607960217,2.5989201440784897,0.7183434451950498,0.5768718453328615,-0.37539322171209305,0.10139772137568487,16.007721516588262,14.617346217831875,-10.464023595071968,-3.23310491087045,2.4000103122248517,-2.2233655039625413,0.0,0.0,0.0,0.0,0.0,0.0
-1.786230822465566,-2.2733855823732916,2.5189056175108697,0.7283909842362003,0.5709069281665747,-0.366320662824103,0.09654545790939412,15.987591203488199,14.638915938724665,-11.861357490657914,-3.2562454791312394,2.4000103122248517,-2.2233655039625413,0.0,0.0,0.0,0.0,0.0,0.0
-1.6774696502096886,-2.1737593914764326,2.4318554946780795,0.7380953110298213,0.5649783977668621,-0.3573074416737537,0.09135706878582561,15.94376485084122,14.63377137564659,-13.067812397926444,-3.2562454791312394,2.4000103122248517,-2.2233655039625413,0.0,0.0,0.0,0.0,0.0,0.0
-1.5699425667327294,-2.075067095709861,2.3360783103735816,0.7477423305758824,0.5588383235639078,-0.34793620960475186,0.08672675035481914,15.961600864087192,14.614660007351253,-14.201528166192693,-3.222980665721416,2.4640793920844324,-2.209514138550669,0.0,0.0,0.0,0.0,0.0,0.0
-1.4619344683391653,-1.9769650101762863,2.232304784318816,0.7573479279681055,0.5524929299347744,-0.3382712282452003,0.08214776026155224,15.93823245669202,14.628608173629752,-15.387199612034001,-3.197163080937692,2.4640793920844324,-2.1944616481574784,0.0,0.0,0.0,0.0,0.0,0.0
-1.3551880142495365,-1.8788107575929611,2.1193934319161283,0.76661163364564,0.5459860859455933,-0.32891103747452544,0.07761009303180644,15.902523304618795,14.577530408195742,-16.547906531605022,-3.212919772023435,2.47131643817332,-2.195403651654258,0.0,0.0,0.0,0.0,0.0,0.0
-1.2479504441669105,-1.7805081858038374,1.9986807738184242,0.7757485276886015,0.5394036549932554,-0.3192830594479602,0.07291259643185571,15.878319272830122,14.603465136958615,-17.900777284324434,-3.1693005213385943,2.4251280794094066,-2.195403651654258,0.0,0.0,0.0,0.0,0.0,0.0
-1.140973517144016,-1.680980820651166,1.8700464450400276,0.784620728083187,0.5330049581146203,-0.30933929580697633,0.06771430983983667,15.889417408456195,14.605414017565632,-18.999594313925563,-3.212919772023435,2.47131643817332,-2.213264651386361,0.0,0.0,0.0,0.0,0.0,0.0
-1.0337039792893172,-1.5823539063265362,1.7328124537169682,0.793344996004212,0.5261599329785115,-0.2996527375737394,0.0629895158553288,15.889417408456195,14.605414017565632,-20.67978295402287,-3.15628532593036,2.4251280794094066,-2.213264651386361,0.0,0.0,0.0,0.0,0.0,0.0
-0.9270221549663389,-1.4843956770522826,1.5868713835017123,0.7945131661420852,0.5276293639500976,-0.29434719774387025,0.06095744667245806,15.818991815214785,14.52543989528096,-20.67978295402287,-1.8101113753687532,2.4847353986774685,-2.213264651386361,0.0,0.0,0.0,0.0,0.0,0.0
-0.8262051712994208,-1.3982590969964928,1.5274859738601616,0.8014580727524746,0.528380021566735,-0.2762434850649127,0.04657303284323716,14.719335765179869,12.57598866173483,-8.670302882247091,0.08197067062452316,1.0075573489016179,-6.315124855858473,0.0,0.0,0.0,0.0,0.0,0.0
-0.7296003293311423,-1.3228793568537836,1.5299884447087044,0.7934383008323573,0.5494308428044656,-0.26015270566283044,0.03003300657184982,14.350262230553263,11.200872704429313,-0.3681788475080971,5.129137111753865,0.366529940133932,-8.069314227243607,0.0,0.0,0.0,0.0,0.0,0.0
-0.6314602468153823,-1.2488340978880297,1.5275059193632892,0.784216342859467,0.5707211182497343,-0.24312031530464237,0.013215334353212482,14.350262230553263,11.200872704429313,-0.3681788475080971,5.2191411470895215,0.2850548276993036,-8.188119619142011,0.0,0.0,0.0,0.0,0.0,0.0
-0.534634556804683,-1.172478666773938,1.5147402190941677,0.7742823614410287,0.5908302666833711,-0.22669782167653868,-0.003810299105486803,14.320067467777323,11.26574542636227,-1.9013930291753502,5.2191411470895215,0.14331016814598105,-8.188119619142011,0.0,0.0,0.0,0.0,0.0,0.0
-0.43767212487679324,-1.0961973170890587,1.4950003042192592,0.7634348505839541,0.6103997012358977,-0.21008699587273488,-0.021044899860826527,14.394469341668708,11.347337600719092,-2.9153240816721135,5.2191411470895215,0.14331016814598105,-8.164494077202228,0.0,0.0,0.0,0.0,0.0,0.0
-0.34117403979616523,-1.0190920722836625,1.4665394548833612,0.7518200997495985,0.6292892515413441,-0.19319094687433158,-0.03793195951751266,14.400532548566547,11.340840847297942,-4.2211263865966755,5.196835787529438,0.16275744931166028,-8.134472639448317,0.0,0.0,0.0,0.0,0.0,0.0
-0.24290025188851982,-0.9438728298425594,1.430818038579729,0.7395919682549066,0.6473824342417949,-0.17584345484805827,-0.05457823481114335,14.416732918990986,11.323482077631622,-5.298153374871484,5.223709712753254,0.26429596879944856,-8.134472639448317,0.0,0.0,0.0,0.0,0.0,0.0
-0.14636040861435334,-0.8680792597427553,1.3857614453527414,0.7263458707418349,0.6650803025449679,-0.15820178385198602,-0.07114817502247914,14.416473158464,11.257673121599488,-6.713120286964086,5.3015047249863025,0.2852920146837087,-8.126584541894234,0.0,0.0,0.0,0.0,0.0,0.0
-0.04941082265190601,-0.7924826708567841,1.33240415364043,0.7118749343353543,0.6825900342200629,-0.1404207265751159,-0.08710305733213292,14.416473158464,11.257673121599488,-7.875451386779542,5.3015047249863025,0.2852920146837087,-8.19933708662259,0.0,0.0,0.0,0.0,0.0,0.0
0.04857110510060431,-0.7167975123302207,1.2709506551781906,0.6977920561285215,0.6980205197561956,-0.12224088863752336,-0.10445460999079731,14.405725441544432,11.21160456444126,-9.114379576172732,5.215127473354333,0.30699816309061534,-8.155114991869365,0.0,0.0,0.0,0.0,0.0,0.0
0.1457048181581981,-0.6412008486913992,1.2014719792534376,0.6824048205128597,0.7133832746235411,-0.10410201265668581,-0.1207093011703429,14.481093049971838,11.279712103570084,-10.304256863119942,4.918169243307384,0.13774496355774835,-8.155114991869365,0.0,0.0,0.0,0.0,0.0,0.0
0.24252972391246927,-0.5656718965697644,1.1229095686932469,0.6745033443947416,0.719565420438695,-0.08824581732478232,-0.1395833795044167,14.406838075983684,11.210412371642713,-10.304256863119942,1.801142483323625,-0.0,-7.771705826558657,0.0,0.0,0.0,0.0,0.0,0.0
0.33492159233679414,-0.49621249906125814,1.099865625115217,0.6745033443947416,0.719565420438695,-0.08824581732478232,-0.1395833795044167,13.491795652084248,10.256250213018516,-3.3805499886364285,-0.0,-0.8198308533813073,-0.0,0.0,0.0,0.0,0.0,0.0,0.0
0.4238988396328661,-0.4290048406137408,1.0870938182920618,0.6910120071471182,0.7027994609347719,-0.09762389707075919,-0.1380032550667669,13.490922788735062,10.13092856811337,-2.8155234341206605,-6.4137714128146035,-1.7914215133526463,3.4048962466732458,0.0,0.0,0.0,0.0,0.0,0.0
0.5135922404410046,-0.3618348757491713,1.0683961774596382,0.7068516292851721,0.6858041203715571,-0.106767149887397,-0.13650735644358064,13.193160447409735,9.839143864642482,-2.8155234341206605,-6.4137714128146035,-1.7914215133526463,3.421713968342602,0.0,0.0,0.0,0.0,0.0,0.0
0.6029544687102155,-0.29529941382587455,1.0428604100328798,0.721946852612424,0.6687874135991887,-0.1162806332772969,-0.134145263572568,13.108076920978753,9.759738199857749,-2.8155234341206605,-6.111452985689674,-1.7063881045030442,3.4048962466732458,0.0,0.0,0.0,0.0,0.0,0.0
0.683558788187136,-0.23057535483476732,1.0607020091987047,0.7223311455434417,0.6682113148808155,-0.12076171328522078,-0.1309502327129247,12.084192734800972,9.727367804397971,2.2165842353146,0.08849967427788595,-0.333933884237036,1.6010375120252667,0.0,0.0,0.0,0.0,0.0,0.0
0.7631905797608958,-0.16535755397373753,1.0754179202572667,0.7213384627508299,0.6691869580650749,-0.12364383295422815,-0.12873165843827386,11.810766157165622,9.651922373760206,2.2165842353146,0.6065360312361073,-0.1955959143963205,0.9882826700404077,0.0,0.0,0.0,0.0,0.0,0.0
0.8427967246788811,-0.10019700977896805,1.0812388354339666,0.7202755779225921,0.6701959564269653,-0.12660810508267376,-0.12653402532360952,11.856250795362795,9.694371694857276,0.850745271771323,0.6116285386914506,-0.17818554068409412,0.9704339255877182,0.0,0.0,0.0,0.0,0.0,0.0
0.9224991156264449,-0.03527735459914206,1.07991919048839,0.719228230059388,0.6712657681477087,-0.12926401884373412,-0.12411218727858175,11.691826121298103,9.501431360915891,-0.19663192560346673,0.6303393242463704,-0.19510434637828425,0.9667491829999602,0.0,0.0,0.0,0.0,0.0,0.0
1.001793293608501,0.028946994116757788,1.069487021594844,0.7178175163665356,0.6726033934834853,-0.13214430603573096,-0.12198594449449232,11.783760922489167,9.587231095737065,-1.5404220284765067,0.7165521966608389,-0.08556374936097647,0.9198400465896783,0.0,0.0,0.0,0.0,0.0,0.0
1.0808698915011428,0.09397476337425742,1.055003631541184,0.7163771139420974,0.6743458472500202,-0.13230479559536262,-0.12065218596906077,11.63743149818649,9.559715443868496,-2.148309256131363,0.7505165974898264,0.22044417589422172,0.1956098731559668,0.0,0.0,0.0,0.0,0.0,0.0
1.158130521391839,0.15751661402615705,1.0404378969222452,0.7113861998264446,0.6798084846437912,-0.13145702151203045,-0.12045393475510888,11.523916461010991,9.453775582557084,-2.170193562401108,2.1463706831069578,0.238543897107935,-0.5228418297329652,0.0,0.0,0.0,0.0,0.0,0.0
1.23590466291133,0.2208615525963187,1.0204419215538978,0.7059925855352357,0.685821900026565,-0.12857912820257505,-0.12120312868854147,11.437796236550017,9.398698182233318,-2.9519974471634502,2.214277680780924,0.4586306149730818,-1.160255941515248,0.0,0.0,0.0,0.0,0.0,0.0
1.311064184940373,0.28357326068435895,0.9942966764472342,0.6997929524258887,0.6927424658149982,-0.12425407216037096,-0.12230545917161387,11.271161592813797,9.15611511526984,-3.331966884087556,2.214277680780924,0.6934616231348535,-1.5966714246466363,0.0,0.0,0.0,0.0,0.0,0.0
1.3851987377311672,0.3435719999560651,0.9718325537827283,0.6949880774966903,0.698273816411543,-0.11738686342711524,-0.12500229496396048,10.995927976116977,8.899248607478274,-3.331966884087556,1.7871430323044966,0.6934616231348535,-1.5966714246466363,0.0,0.0,0.0,0.0,0.0,0.0
1.4553859337575783,0.39890146022971823,0.9846107971841283,0.6949480323664768,0.6984916547670058,-0.11635995488765541,-0.12496800162183516,10.410440520629466,8.206682811500977,0.5632796004787736,0.016320734170176404,0.3362404476599556,-0.21471582513333912,0.0,0.0,0.0,0.0,0.0,0.0
1.5251432538474414,0.4536290657768307,0.9884086971698088,0.6954309143044334,0.6982807737201401,-0.11531218839695123,-0.12443031660173709,10.417717277586954,8.183819284654554,0.5632796004787736,-0.08726973664969995,0.23722130106044845,-0.08107114408143855,0.0,0.0,0.0,0.0,0.0,0.0
1.595088069795478,0.5084985772622121,0.9854307818771199,0.6957289763869501,0.6981740046946268,-0.11473393880429009,-0.12389662574375196,10.345947902482198,8.116839280646362,-0.4437991054500506,-0.08726973664969995,0.3362404476599556,0.004996765575758478,0.0,0.0,0.0,0.0,0.0,0.0
1.663967419634052,0.5624719970749368,0.9762189413309018,0.6954791255766515,0.698734881076582,-0.1146541437502234,-0.12219975112468234,10.217539612567196,8.006398960714293,-0.4437991054500506,-0.08726973664969995,0.2770591404462318,0.252440916382634,0.0,0.0,0.0,0.0,0.0,0.0
1.7305621165538245,0.6154658384270498,0.9742800397124737,0.6961894166023217,0.6982541334454447,-0.1145115561821475,-0.12103125562437639,9.857288641384734,7.796308287442205,-0.286249307067207,0.1106800636783723,0.27957166825364205,0.252440916382634,0.0,0.0,0.0,0.0,0.0,0.0
1.7956763971888827,0.66677431363391,0.9742227818279169,0.696124885323611,0.698543569757576,-0.11441174879569616,-0.11982060307410652,9.632068817704631,7.637431038864255,-0.027863102498055174,0.1106800636783723,0.27957166825364205,0.21719747974403233,0.0,0.0,0.0,0.0,0.0,0.0
1.8593201214812252,0.7172040009682794,0.9740349088454751,0.6957697155153868,0.6991720466479714,-0.11327575576278595,-0.11929608255971583,9.438885731560847,7.47913579100095,-0.008492413954819847,0.1106800636783723,0.3535260203824608,0.03149684696951457,0.0,0.0,0.0,0.0,0.0,0.0
1.9215413075646277,0.7665157412657897,0.9740531083378932,0.6959926058465286,0.6992304236946446,-0.11249576693802896,-0.11838838459828374,9.22856429415321,7.3138523136181615,-0.027863102498055174,-0.021660054496778363,0.3535260203824608,0.03149684696951457,0.0,0.0,0.0,0.0,0.0,0.0
1.981577934068676,0.8142053975620747,0.9736809570742524,0.6961639319430178,0.699269929866387,-0.1119600481266424,-0.1176532730941863,8.903608750881853,7.072516659434861,0.002699324723184166,-0.021660054496778363,0.3587953994378135,0.03149684696951457,0.0,0.0,0.0,0.0,0.0,0.0
2.0410445440321663,0.8616385430917105,0.9743715851161912,0.6962614464914341,0.6994593096033384,-0.1110865471851257,-0.11677521729101623,8.862946486969907,7.0694702589557945,-0.006000535875320005,-0.018352777766094796,0.34310990464129065,0.008066224405467568,0.0,0.0,0.0,0.0,0.0,0.0
2.0989259835727303,0.9075699587777809,0.974330933502265,0.6964367563013423,0.6995482352265692,-0.11028910988191218,-0.11595008971670892,8.543809726930775,6.7798810676664125,0.02524038132902884,0.017642633357141953,0.34310990464129065,0.001588507798066774,0.0,0.0,0.0,0.0,0.0,0.0
2.1548531762428156,0.9526175173235808,0.9745011162033722,0.696483343494112,0.69975350190107,-0.1095265799332282,-0.11515171340706343,8.326980029413063,6.646628085808167,0.006243896670714704,-0.003761050910689947,0.33177585571278784,0.008066224405467568,0.0,0.0,0.0,0.0,0.0,0.0
2.2099771813074622,0.9965171579001666,0.9745430086117933,0.6966170778125189,0.6998614378320637,-0.1088189711650073,-0.11435491353751656,8.191589623926697,6.569236887375749,0.006243896670714704,0.017208706751506153,0.321187581213678,0.001588507798066774,0.0,0.0,0.0,0.0,0.0,0.0
2.263575461445575,1.0393634677139554,0.9744274780666277,0.6966882970041696,0.7000241653045293,-0.10807444854949141,-0.11362877442730182,8.035439138449927,6.423506760453943,0.006243896670714704,-0.003761050910689947,0.321187581213678,0.00459503452639264,0.0,0.0,0.0,0.0,0.0,0.0
2.3157876919833895,1.0807683119569707,0.9747820937605827,0.6968646969369311,0.7001165973076076,-0.10723118299741774,-0.11277330238310401,7.618506432202982,6.041555186218586,-0.013013226852197166,0.017208706751506153,0.33654369198013906,-0.007431622268229956,0.0,0.0,0.0,0.0,0.0,0.0
2.3662979666079615,1.1214889263280177,0.9746943554750046,0.6969279955628583,0.7003015259920338,-0.10642107429558414,-0.11199864570493281,7.496693902689564,6.034188287448661,0.04107995714867294,0.014230767314706388,0.33654369198013906,0.00459503452639264,0.0,0.0,0.0,0.0,0.0,0.0
2.4157243614892177,1.1612298563738543,0.9749670364935898,0.6970130916670698,0.7004502663741587,-0.10570450208224813,-0.11121480396344269,7.441111645166731,5.9924925285850215,0.04107995714867294,0.022622333003560893,0.323612601939182,-0.011874806478621594,0.0,0.0,0.0,0.0,0.0,0.0
2.463844082958033,1.2001316085780405,0.9752605873372449,0.6969970171226507,0.7006944634916438,-0.10491129558869128,-0.11052622771173864,7.026729110313595,5.680666186576157,0.04107995714867294,0.014230767314706388,0.323612601939182,0.006634160056876963,0.0,0.0,0.0,0.0,0.0,0.0
2.510063826733135,1.2377349534504598,0.9754149956479625,0.6971300862697678,0.7007981797634395,-0.10415633163151347,-0.10974066082734407,6.864294037589722,5.567132426888625,0.022900827272865066,0.010403132639810112,0.3269047778136282,-0.014378373833504541,0.0,0.0,0.0,0.0,0.0,0.0
2.555263090313121,1.2742604113849605,0.9755680377739022,0.6972166152232737,0.7009503677471371,-0.10334394439038441,-0.10898441434256506,6.694373155673228,5.427165102399728,0.022698203712770593,0.0038893169837211647,0.3328241720255993,0.006634160056876963,0.0,0.0,0.0,0.0,0.0,0.0
2.5988398920903784,1.3095405111470328,0.9755861296022781,0.697331007048456,0.7010768334036608,-0.10259420893813803,-0.10814420264554009,6.4627967187000825,5.232327836797157,0.012310356060916584,0.0038893169837211647,0.3328241720255993,-0.014378373833504541,0.0,0.0,0.0,0.0,0.0,0.0
2.6412557552683387,1.344048062761827,0.9756686681672331,0.6974335689448573,0.7011928801648256,-0.10182411842818997,-0.10745608694400519,6.32618677870603,5.1466880651496325,0.012310356060916584,0.0038893169837211647,0.3186056989687427,0.008752711110527934,0.0,0.0,0.0,0.0,0.0,0.0
2.682080651917263,1.3772586894113887,0.9758312890614965,0.6975193514472521,0.7013323376272276,-0.10109572880536313,-0.10667408388285202,6.021451887124934,4.898388163264837,0.012310356060916584,-0.001093216657182337,0.3186056989687427,0.008752711110527934,0.0,0.0,0.0,0.0,0.0,0.0
2.7212704039403834,1.4098894777086053,0.975777794297137,0.697685110435208,0.7014182973666021,-0.1002773481044347,-0.10579372501944995,5.880368797123403,4.766719942383752,0.008635040484384425,-0.01619376901590761,0.32519874548961275,0.010030747339029495,0.0,0.0,0.0,0.0,0.0,0.0
2.7599392262951494,1.439921439183271,0.9758360158625977,0.6978858329642568,0.7014432955981721,-0.09952290072951306,-0.10501361549125257,5.578810895223364,4.621614281471893,0.008635040484384425,-0.01619376901590761,0.32519874548961275,0.010030747339029495,0.0,0.0,0.0,0.0,0.0,0.0
2.7966904400717,1.4707582449387917,0.976067379214387,0.6978245545420185,0.7016946273841302,-0.09884318386326771,-0.10438182783536734,5.613309069055711,4.456667545169149,0.008635040484384425,-0.03705998898326921,0.32167120300567426,0.010030747339029495,0.0,0.0,0.0,0.0,0.0,0.0
2.83244529100763,1.4988535627948416,0.9758444629588076,0.6981765953301332,0.7015640492460091,-0.09813848083584889,-0.1035672009759763,5.182452679544133,4.294954917424603,0.01832247668531299,0.01699582676265437,0.2844996508639821,-0.005533001464017307,0.0,0.0,0.0,0.0,0.0,0.0
2.8664788370140095,1.5269959931094061,0.9759669141077864,0.6982278176135571,0.7017036549812983,-0.09746761063357465,-0.10290753215327944,5.118334054002302,4.183264411803293,-0.005335146002600739,-0.019717442426154166,0.30573554201228725,0.013774901537168628,0.0,0.0,0.0,0.0,0.0,0.0
2.899379609356409,1.5536353834617342,0.9759303657912854,0.6983817485349453,0.7017592794676032,-0.0967625183763959,-0.10214627762107006,4.847666078439637,3.9306588671456444,0.01832247668531299,0.01699582676265437,0.2844996508639821,-0.005533001464017307,0.0,0.0,0.0,0.0,0.0,0.0
2.931684096078417,1.5796385748005057,0.9765299489350012,0.6983618585024776,0.7019446352802196,-0.09611186183834844,-0.10162161976789888,4.8026951950306085,3.888689016543043,-0.005335146002600739,-0.019717442426154166,0.30573554201228725,0.013774901537168628,0.0,0.0,0.0,0.0,0.0,0.0
2.960986699995189,1.604654779180673,0.9762333992294244,0.6985434720960247,0.7019758690881207,-0.09541968526422229,-0.10080664895772004,4.353346961380107,3.618275503294151,-0.023255836833945207,-0.012976634125793585,0.26470223039338187,-0.008692610464186287,0.0,0.0,0.0,0.0,0.0,0.0
2.9896719909279343,1.6284267918235582,0.9760765141054047,0.698656158096944,0.7020378154162413,-0.09477095965166357,-0.10020450930727773,4.201119607952494,3.5785284398497637,-0.023255836833945207,-0.012976634125793585,0.2827808659643721,0.00597130572631885,0.0,0.0,0.0,0.0,0.0,0.0
3.0168225766816095,1.6517198778099773,0.976518440762519,0.6987021655042609,0.7021768976027286,-0.09412568894568976,-0.09951503943205167,4.039508304251678,3.4424309926157006,0.02654600407963585,0.019448630471661118,0.26470223039338187,-0.008692610464186287,0.0,0.0,0.0,0.0,0.0,0.0
3.0432817899983107,1.6742056360778563,0.976697388621174,0.6986608379623719,0.7023751363596138,-0.09350908053053791,-0.09898612619889452,3.9250896318559185,3.335647798189197,0.02654600407963585,0.019448630471661118,0.2618389473734443,0.00597130572631885,0.0,0.0,0.0,0.0,0.0,0.0
3.068240463189902,1.6946752029414243,0.9765159826761117,0.6988453768138145,0.7023609934701489,-0.09295299632720663,-0.09830521161859959,3.6603498992967993,3.0809686108083083,-0.013660621417234127,-0.004440076591023591,0.25192261916185027,0.002041665802426705,0.0,0.0,0.0,0.0,0.0,0.0
3.0918970122945018,1.7144934930590807,0.976423872987758,0.6989352619706238,0.7024331318647323,-0.09236278152641719,-0.0977052271962073,3.5386667536193612,2.9068481674988385,-0.02008045814195437,-0.004440076591023591,0.25192261916185027,0.002041665802426705,0.0,0.0,0.0,0.0,0.0,0.0
3.1141351307711482,1.7325795916753945,0.9762884713771045,0.6989450641580214,0.702565771624972,-0.09182791834692422,-0.09718419234740677,3.269337151779499,2.716049237360583,-0.013660621417234127,-0.004440076591023591,0.2235494639843516,-0.005767574644834197,0.0,0.0,0.0,0.0,0.0,0.0
3.1357703593992867,1.7515359880297938,0.9766734833656014,0.6990277079541536,0.7026206570397722,-0.09130171550110372,-0.09668749950183295,3.232030616203284,2.752885262899885,0.010935385417271017,0.0007717708291343665,0.2235494639843516,-0.005767574644834197,0.0,0.0,0.0,0.0,0.0,0.0
3.155712762153161,1.7683710601161085,0.9767472201692217,0.6990966629508977,0.7026988639410684,-0.09074779346897624,-0.09614052448038202,2.9310297707383586,2.5250721657019763,0.013410002405346913,-0.007447038743984321,0.21538090979121216,-0.0021710677916353667,0.0,0.0,0.0,0.0,0.0,0.0
3.1744863093874467,1.7844802573781484,0.9768372019892556,0.6991914858707401,0.7027274160597312,-0.09033239958216813,-0.09563212007274446,2.7978241990814827,2.400755774337722,0.010935385417271017,0.0007717708291343665,0.19642341562435697,-0.00028853856126657865,0.0,0.0,0.0,0.0,0.0,0.0
3.192108755225853,1.799737197854609,0.9767898315287852,0.6991684976264146,0.7028602813882795,-0.08992655550906303,-0.09520531176298028,2.6026145683736517,2.250041006121183,0.013410002405346913,-0.007129512021043301,0.17543586897558738,-0.00028853856126657865,0.0,0.0,0.0,0.0,0.0,0.0
3.208304547566167,1.813645926876952,0.9769902692418225,0.6992299451142482,0.702903413636231,-0.0894803928429575,-0.09485533327509343,2.401883763388371,2.0627055290760383,0.029725503908611624,0.011522206046734998,0.16834196081717637,-0.012321256007764422,0.0,0.0,0.0,0.0,0.0,0.0
3.224390012930869,1.8266977744306017,0.97751757938136,0.699245771756448,0.7029841946400182,-0.08908627584550885,-0.09451036040050148,2.329909409762442,1.9955342253365949,0.029725503908611624,-0.007129512021043301,0.16834196081717637,-0.012321256007764422,0.0,0.0,0.0,0.0,0.0,0.0
3.2373014963096796,1.838263181433681,0.9771241475421495,0.6993565434917348,0.7029975595283535,-0.08865584572093402,-0.09399466682731705,1.9716645475756862,1.7115977731829723,0.028610009937519772,0.0055084995608370236,0.15636380901302854,0.007833371149222772,0.0,0.0,0.0,0.0,0.0,0.0
3.2497429641731457,1.8489950205373786,0.977319948880168,0.699389199850334,0.7030543711314858,-0.08833352057416236,-0.09362952263359492,1.8179166843966583,1.568109934854287,0.0002573075533618012,0.0055084995608370236,0.14329772390987558,0.007833371149222772,0.0,0.0,0.0,0.0,0.0,0.0
3.2618852894125387,1.8584786739125483,0.9773216837705357,0.6993445409714879,0.7031619704891519,-0.08802087479307835,-0.09344935458232731,1.728219529922398,1.484398522327148,0.0002573075533618012,0.0055084995608370236,0.14329772390987558,0.007833371149222772,0.0,0.0,0.0,0.0,0.0,0.0
3.271358728966323,1.8681026846605666,0.9768715222496775,0.6994723211762363,0.7031267606472867,-0.0877139536951081,-0.09304564845898836,1.4941545827154163,1.3315706095832214,0.0002573075533618012,0.02577089263807317,0.11456903707230248,0.01900783664353753,0.0,0.0,0.0,0.0,0.0,0.0
3.2803483109044453,1.8760682544503018,0.9770851327572442,0.6994510092905148,0.7032178299461446,-0.08749683078267828,-0.09272148538123626,1.3262233739815656,1.1878507025627387,-0.0112995880813507,-0.03001516017354279,0.11456903707230248,0.01900783664353753,0.0,0.0,0.0,0.0,0.0,0.0
3.2882057331422723,1.8830669953440153,0.9770093792788936,0.6995475518295738,0.703174787133281,-0.0872810706458782,-0.09252273329417049,1.1720337679792945,1.0439506001446945,-0.004982720857166582,0.007024927910247528,0.09231227429920326,2.580526924155394e-06,0.0,0.0,0.0,0.0,0.0,0.0
3.2946928298064364,1.8890177750859052,0.9769757845840122,0.6995567240658938,0.7032213409170588,-0.08705566133055986,-0.0923116857353809,0.9793823931949929,0.8641553903299056,-0.004982720857166582,-0.010415294358349534,0.08804647463712467,-0.004176348003770612,0.0,0.0,0.0,0.0,0.0,0.0
3.301353634410411,1.894139062735881,0.9776066323652924,0.6995863662869419,0.7032103205436853,-0.0869466903803901,-0.0922736919071562,0.9095525932699198,0.8335172552753485,-0.004982720857166582,0.0012318653675755756,0.08382400595273297,-0.004176348003770612,0.0,0.0,0.0,0.0,0.0,0.0
3.3049732713870665,1.8983280417536914,0.9768730147651631,0.6996094908478004,0.7032378627167163,-0.08676078654882227,-0.09206321021307015,0.6166215370740262,0.5356695441267908,0.05578556337952297,0.0012318653675755756,0.03083118643977675,0.004822557909303174,0.0,0.0,0.0,0.0,0.0,0.0
3.308850138819942,1.9016792943071545,0.9772470861176566,0.6995485680365037,0.7033064660978396,-0.08675664499392932,-0.09200597943852795,0.5637959528711576,0.5151665482175679,-0.0719907122935092,0.01614962698950058,0.024115333770438917,0.004822557909303174,0.0,0.0,0.0,0.0,0.0,0.0
3.310660126405561,1.9032938864221594,0.9767590471215911,0.6995133290156176,0.7033558853352279,-0.0866752439435648,-0.09197283936635708,0.29264064030038756,0.2621061879131528,0.05578556337952297,0.01614962698950058,0.01317554448365602,0.006334594576548776,0.0,0.0,0.0,0.0,0.0,0.0
3.312417811584647,1.9052915622169813,0.9772879073773427,0.6995524609096457,0.703324510435834,-0.08665665079619353,-0.09193265104542342,0.2669915653906236,0.2381687474971708,0.005417522499870537,-0.01414987334829498,0.014618397314400951,0.006334594576548776,0.0,0.0,0.0,0.0,0.0,0.0
3.313216868661739,1.9056286489301353,0.9773244336088162,0.6996159743373742,0.7032703079752228,-0.08664427676308198,-0.09187563157118564,0.07512386300165882,0.0964901539627984,0.005417522499870537,-0.01414987334829498,0.01239408136201186,0.006334594576548776,0.0,0.0,0.0,0.0,0.0,0.0
3.3128287045582554,1.9054442262389748,0.9771370456261873,0.6996190901879784,0.7032713953336029,-0.08660717849364613,-0.09187855997697311,0.023930710573443172,-0.015853952464798683,0.005417522499870537,-0.0015108478893613093,0.007198655487805435,-0.0035464141235304674,0.0,0.0,0.0,0.0,0.0,0.0
3.3129900511283443,1.905337335102388,0.9772735285624304,0.6995760456604599,0.7033124917872288,-0.08661068604702685,-0.09188843396519905,-0.027420943691656798,0.0007884489763462834,-0.01610442261890015,0.0017135841045028159,-0.0027735969872007974,-0.0035464141235304674,0.0,0.0,0.0,0.0,0.0,0.0
3.3127547515195563,1.9053977476915462,0.9771655515123909,0.699571145029674,0.7033154034996367,-0.08661968846888693,-0.09189497163374644,-0.01594927778053657,0.026877634159174758,-0.01610442261890015,0.0017135841045028159,-0.0027735969872007974,0.00031482567609133566,0.0,0.0,0.0,0.0,0.0,0.0
3.312597827619894,1.9056611735226607,0.976946299102715,0.6995772698032006,0.703310125120653,-0.08661879574317585,-0.09188958429263477,-0.01715647457766021,0.025750996980127384,-0.01610442261890015,0.0017135841045028159,-0.0021783536271931907,0.0008534283003042259,0.0,0.0,0.0,0.0,0.0,0.0
