4.86120562881922,4.321607756092506,3.09525501066615,-0.3629902996843073,-0.305308461966621,0.6094508315881938,-0.6352908540685378,-13.831433989617302,-15.233595793101614,2.4285125164378565,-2.300432654330526,-2.275638998051925,1.8429681294273002,0.0,0.0,0.0,0.0,0.0,0.0
4.76713798738468,4.218141603239853,3.1037492624371126,-0.35642889797934546,-0.30380931982071824,0.6191384712133421,-0.6303379183730796,-13.831433989617302,-15.233595793101614,1.2665294767136765,-2.2040550630725835,-2.275638998051925,1.7928882613189279,0.0,0.0,0.0,0.0,0.0,0.0
4.673789819876081,4.114691217701248,3.102848632730251,-0.35029028511251026,-0.3022716202133443,0.6282887880986368,-0.6254452674047045,-13.9177874093727,-15.31959247528601,-0.13268404573265255,-2.2040550630725835,-2.315668649388066,1.7259444593282194,0.0,0.0,0.0,0.0,0.0,0.0
4.579595539432706,4.011726654669595,3.0935554264977467,-0.3438598620551699,-0.30105390597091425,0.6370984194185172,-0.6206710440656005,-13.874884185176441,-15.362673673697076,-1.378112433666345,-2.2040550630725835,-2.253127435724615,1.7259444593282194,0.0,0.0,0.0,0.0,0.0,0.0
4.485586799027524,3.9070017985357306,3.0766749264229984,-0.3375691385429192,-0.2988368259310926,0.6465644306524783,-0.6153844856558034,-13.914170589458768,-15.323224298750288,-2.5428994356037578,-2.1089776726491745,-2.253127435724615,1.7440218268459555,0.0,0.0,0.0,0.0,0.0,0.0
4.39171612726453,3.803480141090558,3.0514593947636737,-0.33104434939929017,-0.2972623432249004,0.6553444870824916,-0.6103837655785318,-13.978037796963536,-15.448418365311102,-3.6836614991060537,-2.2337657654757104,-2.253127435724615,1.7440218268459555,0.0,0.0,0.0,0.0,0.0,0.0
4.298089391131934,3.70000460246602,3.0167751357814434,-0.3248041817988105,-0.29577044745836356,0.6640641305633264,-0.6050131539028372,-13.861631159478986,-15.332492619275001,-5.178199123877129,-2.1980124121309452,-2.2878279476540815,1.727031744674881,0.0,0.0,0.0,0.0,0.0,0.0
4.204697270383153,3.5964162315284747,2.974415455160938,-0.31831539936053044,-0.294147466408008,0.6727347717526065,-0.5996503159431038,-13.927008159010649,-15.397599537643947,-6.278069889233511,-2.1980124121309452,-2.291205646460672,1.727031744674881,0.0,0.0,0.0,0.0,0.0,0.0
4.110667803090997,3.492585614091764,2.924174286988417,-0.3113229624696049,-0.29233376648089726,0.6814193575560592,-0.5943792065358012,-13.857952804352555,-15.369057097065632,-7.446174297903817,-2.1980124121309452,-2.291205646460672,1.7356084036943435,0.0,0.0,0.0,0.0,0.0,0.0
4.017436496018046,3.3887466319745863,2.8648090383313547,-0.3048337785334466,-0.2905108089284125,0.6898837964107201,-0.5888464866250905,-13.826966662469689,-15.400171777872433,-8.804352742240718,-2.2162861273782353,-2.251641491858166,1.7356084036943435,0.0,0.0,0.0,0.0,0.0,0.0
3.924122801358479,3.284125550777605,2.7977305896417093,-0.29854726013248706,-0.28852795499299067,0.6982453421677579,-0.5831591504863648,-13.779902923641,-15.447430749859492,-9.892665458958302,-2.2162861273782353,-2.1740369013226477,1.7005219619459042,0.0,0.0,0.0,0.0,0.0,0.0
3.8304811600872437,3.179144934026953,2.7215762441205857,-0.2924218328745657,-0.28649438728713306,0.7062798002572589,-0.5775632272399414,-13.761814443227808,-15.429416995387486,-11.293514692098832,-2.2112306142049194,-2.1740369013226477,1.7005219619459042,0.0,0.0,0.0,0.0,0.0,0.0
3.737930741703003,3.0756319318197285,2.637180958641317,-0.28537585089547357,-0.28482514005566684,0.7146010542711281,-0.5716472658489208,-13.886840524361196,-15.568384568812684,-12.517840139572787,-2.2112306142049194,-2.1789727618173713,1.730258131806943,0.0,0.0,0.0,0.0,0.0,0.0
3.6447453218509875,2.9702463548299343,2.5442716218114505,-0.2790712092416148,-0.28265955468739856,0.7226093222752753,-0.5657372213998402,-13.687685903032301,-15.42899955304141,-13.988441492671972,-2.2112306142049194,-2.1789727618173713,1.7510073017682617,0.0,0.0,0.0,0.0,0.0,0.0
3.5515818179276275,2.8652308196564653,2.443654173179598,-0.2724301208599618,-0.2804049968594553,0.7305652760984173,-0.5598475188332258,-13.653613705212438,-15.463213091582567,-14.782827773096955,-2.2228838540508935,-2.1789727618173713,1.730258131806943,0.0,0.0,0.0,0.0,0.0,0.0
3.45908317468991,2.7604616264805175,2.334243611116125,-0.26576756616912345,-0.2783854277195775,0.7384066971598453,-0.5537370350585348,-13.687685903032301,-15.42899955304141,-16.135765052921073,-2.2228838540508935,-2.237733758816142,1.7509155397215348,0.0,0.0,0.0,0.0,0.0,0.0
3.3662752181830604,2.6567208583135997,2.2166805282352917,-0.2589665355503358,-0.27620100902847466,0.7462682855018645,-0.5474787503920282,-13.666708908418471,-15.476254196745968,-17.43125384542597,-2.272066649180051,-2.2420356854508117,1.7288469489915848,0.0,0.0,0.0,0.0,0.0,0.0
3.2742640684809006,2.5513185833738428,2.0903429892158982,-0.25222638488929616,-0.27397755556998704,0.7539934275962852,-0.5411211148635552,-13.670150815297738,-15.514958344007791,-18.71042848978495,-2.2772280069139486,-2.2514443241684616,1.7288469489915848,0.0,0.0,0.0,0.0,0.0,0.0
3.182005386437674,2.44660945264707,1.9559639345941329,-0.24545005434235162,-0.2717383368719992,0.7616234770568057,-0.534642147883309,-13.695844239099326,-15.540545624825999,-19.91120946466557,-2.2884572648982906,-2.2420356854508117,1.722236604762138,0.0,0.0,0.0,0.0,0.0,0.0
3.0888107592164356,2.3422455156726274,1.813097530808292,-0.2388476793627134,-0.2693969332524053,0.769259215553367,-0.5278421522609424,-13.758809615430575,-15.425931763116397,-21.316393186459663,-2.343548397116225,-2.237752319753003,1.706663183889595,0.0,0.0,0.0,0.0,0.0,0.0
2.9957712970835675,2.2381844453063273,1.6620304473430656,-0.23213440424247347,-0.2670635215197264,0.7767463371829514,-0.5210142239069326,-13.685626735395415,-15.353051211384347,-21.316393186459663,-2.343548397116225,-2.237752319753003,1.706663183889595,0.0,0.0,0.0,0.0,0.0,0.0
2.9109434611545204,2.141770587600237,1.5795314473433202,-0.21974809304559972,-0.2609425875713369,0.7838914399592342,-0.5187812178105874,-12.626062223144512,-14.25432981538455,-12.235710243809494,-1.0590391824432908,-2.5768760750287094,3.7369690112238922,0.0,0.0,0.0,0.0,0.0,0.0
2.8316439769543265,2.0666446694236855,1.616719469093055,-0.19985313425981804,-0.24962583141388095,0.7909855297419218,-0.5216201307046605,-12.241884239747053,-11.617105554836865,4.6008450832538035,0.37320592780000883,-3.148366142451865,6.3743166984985615,0.0,0.0,0.0,0.0,0.0,0.0
2.7473943772985394,1.988989460757888,1.6479413007973505,-0.1795133623704535,-0.23844560227969874,0.7973652593322518,-0.5245257769585178,-11.83946690559247,-11.21635066071907,4.6008450832538035,0.44243718662230974,-3.185147096077745,6.3743166984985615,0.0,0.0,0.0,0.0,0.0,0.0
2.6731837601029067,1.9180887333487322,1.6698527843293294,-0.15908294833256292,-0.2274257943878933,0.803428251292563,-0.5267572198098749,-11.698791901647253,-11.08779781778148,3.24758553390981,0.44243718662230974,-3.2098344677983066,6.329154022559246,0.0,0.0,0.0,0.0,0.0,0.0
2.5942965522719326,1.8433215763471622,1.6820114217203883,-0.13889149343711232,-0.21623873475363686,0.8090698345299243,-0.5285413564676615,-11.596039452084092,-10.985469852383224,1.803098025098749,0.37791858840759635,-3.252634848418278,6.329154022559246,0.0,0.0,0.0,0.0,0.0,0.0
2.5153328317146015,1.770022415791553,1.687841653711985,-0.1183561685596801,-0.2047096329953676,0.8144143209140295,-0.5299198971664627,-11.698791901647253,-11.08779781778148,0.8646405969620744,0.3428401891226574,-3.2098344677983066,6.386182749423374,0.0,0.0,0.0,0.0,0.0,0.0
2.436377088327094,1.6936632300749928,1.6842638108487136,-0.09790584528190562,-0.19274472738936183,0.8192685350077296,-0.5310960205739872,-11.61132593969336,-11.226653811595423,-0.5306046472240585,0.3428401891226574,-3.202492294571351,6.386182749423374,0.0,0.0,0.0,0.0,0.0,0.0
2.3609623437198595,1.6161618718906714,1.6695496795218379,-0.07752237023019248,-0.1810580207631734,0.8234816606264511,-0.5320584834800756,-11.61132593969336,-11.226653811595423,-2.1976903312029075,0.3428401891226574,-3.202492294571351,6.441227654130911,0.0,0.0,0.0,0.0,0.0,0.0
2.2815916041411213,1.5444560964761813,1.650560248903814,-0.05614913615658526,-0.16939214460638224,0.8277081263722187,-0.5320270983623965,-11.930670859961682,-10.905984161950638,-2.816387722733377,0.3989917436505829,-3.244226101517457,6.419798231956134,0.0,0.0,0.0,0.0,0.0,0.0
2.2004589807479804,1.4701829274035323,1.6231901018059631,-0.03547663467393905,-0.15742973022638884,0.8309137292594658,-0.5324844250878944,-11.71535416339386,-10.691556967565209,-4.091916501625522,0.273381362027604,-3.324704941535689,6.419798231956134,0.0,0.0,0.0,0.0,0.0,0.0
2.1218561978565997,1.3964728753443068,1.5863565143657767,-0.014444472851251694,-0.14564492275656016,0.8339515427263064,-0.532074936511483,-11.823542031596922,-11.107067878812577,-5.383345986992953,0.3003623390896626,-3.3193070593600966,6.393408435010012,0.0,0.0,0.0,0.0,0.0,0.0
2.0428336551372186,1.3219408094891816,1.5405407702130278,0.006362485771328641,-0.1336794735787209,0.8364514853725,-0.5314491788841754,-11.488046786969381,-10.772958610084887,-6.841782994369328,0.273381362027604,-3.324704941535689,6.289059093041877,0.0,0.0,0.0,0.0,0.0,0.0
1.9650614979720205,1.2491006677818977,1.4864934293351673,0.02771358208744565,-0.12207733108415908,0.8385720551978645,-0.5302131560462082,-11.800639691603664,-11.13006522392617,-7.962171263158071,0.3003623390896626,-3.3193070593600966,6.393408435010012,0.0,0.0,0.0,0.0,0.0,0.0
1.888484190485944,1.1713565920649567,1.4224595791087724,0.048007051510540216,-0.10956154074099844,0.8400620842212676,-0.5291382489005522,-11.576791541260677,-11.063383828301754,-9.561318410109257,0.338326943122197,-3.1702240130813797,6.4113545595943835,0.0,0.0,0.0,0.0,0.0,0.0
1.810425174835578,1.0967593387308632,1.350938399972656,0.06857958475955317,-0.096926918559192,0.8409492621948474,-0.5279264640333621,-11.576791541260677,-11.063383828301754,-9.561318410109257,0.40732222150463754,-3.1274144764262366,6.4113545595943835,0.0,0.0,0.0,0.0,0.0,0.0
1.736659369121008,1.0266341407485429,1.308854608874449,0.07173491560534137,-0.09650284161406458,0.8372699211054995,-0.5334045206552864,-10.938912953324945,-10.399038268916588,-6.240708999376818,1.7310318350871514,-0.6379445289798052,0.3826275773151221,0.0,0.0,0.0,0.0,0.0,0.0
1.6690674868595687,0.9676929866167332,1.311666316319508,0.06717529331777944,-0.09436188251591271,0.8343828193139222,-0.5388771900252172,-9.98019713016789,-8.786537358689895,-0.5308065878742165,2.041741132289381,1.5664005076449892,-0.38881002156106265,0.0,0.0,0.0,0.0,0.0,0.0
1.6021367465961824,0.9088559651697432,1.3080657241279048,0.05766265964800041,-0.09783500927970312,0.8290227910181958,-0.5475623623058475,-9.98019713016789,-8.786537358689895,-0.5308065878742165,2.6549313120390665,1.9239464118069778,-2.6870859794284585,0.0,0.0,0.0,0.0,0.0,0.0
1.534907522700781,0.849356243679105,1.2947542960604732,0.04800586731521289,-0.10102981029129654,0.8230117548414357,-0.5569022046361815,-9.84685028395507,-8.694171536912629,-1.9864153409805743,2.6549313120390665,1.9239464118069778,-2.6870859794284585,0.0,0.0,0.0,0.0,0.0,0.0
1.4687674264550221,0.7906764389156823,1.2801674532844403,0.04125108717159398,-0.10265060459789127,0.8176600094240998,-0.5649719552078936,-9.786683761196732,-8.63425357013789,-1.9864153409805743,2.9563943437555134,1.5373807910966242,-1.7758014849156174,0.0,0.0,0.0,0.0,0.0,0.0
1.4030094483873985,0.7328953525996281,1.2706454817523456,0.0418048154906219,-0.1005602549370907,0.8109893068062677,-0.5748359216112647,-9.793583368638474,-8.604199979427964,-2.150044032994298,3.5344530609429587,0.43707948712317796,0.2774655373568236,0.0,0.0,0.0,0.0,0.0,0.0
1.3376604006611539,0.6776565246110144,1.2532946752001952,0.0434181429341543,-0.09854716222770038,0.8042100530396002,-0.5845079231892928,-9.609155959802571,-8.17925982612728,-2.5578910170085694,3.5719184037902325,0.15863591477974734,0.4345916957067084,0.0,0.0,0.0,0.0,0.0,0.0
1.2728090265704515,0.6224553975829823,1.231982052703189,0.0469428361059247,-0.09534539749006032,0.7971427415484136,-0.5943644293802194,-9.637874038301726,-8.147388519949285,-3.1579332952867842,3.717432976740796,-0.08850729768743358,1.040400501284159,0.0,0.0,0.0,0.0,0.0,0.0
1.2081283386018746,0.5678683296870697,1.2055843903156174,0.052564551984951885,-0.09108740854637759,0.7897079620782784,-0.6044016764611916,-9.645197435537161,-8.140034743275075,-3.936424821091513,3.9237776097733947,-0.4004065989973834,1.656938598984402,0.0,0.0,0.0,0.0,0.0,0.0
1.1438731311553683,0.5138591580315381,1.174372001389634,0.06002753191373905,-0.0858177933989922,0.7818091790171606,-0.6146595881892565,-9.467641172406042,-7.957945784847992,-4.077241242894302,4.076177920246084,-0.4004065989973834,1.656938598984402,0.0,0.0,0.0,0.0,0.0,0.0
1.0803134114946162,0.46175230557215324,1.14705335432708,0.06423223813856294,-0.08339412544173685,0.7710610345651377,-0.6280004143317567,-9.485981651175994,-7.776971902370778,-4.077241242894302,5.236703494814782,-0.38742279394540374,0.8227288092184937,0.0,0.0,0.0,0.0,0.0,0.0
1.0187537781000486,0.4117769825027016,1.1234013406817926,0.06622288751022115,-0.08149306757665753,0.7594599131042805,-0.6420234026064732,-9.210391925663277,-7.502218635707434,-4.077241242894302,5.419845729857646,0.009648869172695498,0.2499028926218457,0.0,0.0,0.0,0.0,0.0,0.0
0.956775282692573,0.3618014192506586,1.0920981949073079,0.06715836252987945,-0.08089142684855322,0.7467997752610401,-0.6566859424982162,-9.07269463387232,-7.3653922292243665,-4.672915597199126,5.78637185954732,0.009648869172695498,0.10533242692147468,0.0,0.0,0.0,0.0,0.0,0.0
0.8959541170109766,0.31215812371833634,1.055105486572389,0.06931503125524296,-0.07953723162958665,0.733467248019593,-0.6714871937046537,-9.069503698667994,-7.314818717116443,-5.32237459461523,5.955385228190342,-0.12442696042150493,0.10533242692147468,0.0,0.0,0.0,0.0,0.0,0.0
0.8352652318035746,0.26329866304581545,1.0192182271104344,0.071946561086109,-0.07786517595010775,0.7177175940112228,-0.6882166533649727,-9.000658886918755,-7.246258312527789,-5.486903760519986,6.803970362922326,-0.1686266412276299,0.11362256717524036,0.0,0.0,0.0,0.0,0.0,0.0
0.7753866582055262,0.21631403982740013,0.9766099587258221,0.07449256446520125,-0.07641361244768335,0.7017207838295443,-0.7044144797019316,-8.88016903884397,-6.967958174934199,-5.32237459461523,6.803970362922326,-0.1686266412276299,0.17239398966572744,0.0,0.0,0.0,0.0,0.0,0.0
0.7208682189646709,0.17739169375445787,0.991516865782106,0.0798182582279304,-0.07109520960935706,0.7010559572911171,-0.7050496873062895,-8.026194675371638,-5.749080734328135,2.1976064072897095,0.5063077431856917,0.00242477366054779,2.026102343317568,0.0,0.0,0.0,0.0,0.0,0.0
0.6681957114267331,0.14006447047233767,1.0096985182383773,0.08395580309698145,-0.06588593831008926,0.702797160321174,-0.7033396176128814,-7.912044584516007,-5.613354076720454,2.1976064072897095,-0.4306533625108258,0.21778462772523138,2.026102343317568,0.0,0.0,0.0,0.0,0.0,0.0
0.6149974471899204,0.10262665154468897,1.0202103115912824,0.08810521625728007,-0.06073657572603605,0.7043021287543361,-0.7017884657569147,-7.8507060019200425,-5.4991958685690046,1.568636172742122,-0.4306533625108258,0.21778462772523138,2.019582107355821,0.0,0.0,0.0,0.0,0.0,0.0
0.5631386093188158,0.06682070890639459,1.0264114663106345,0.09137286377261908,-0.05725311286300372,0.7046526468535829,-0.701311434468116,-7.691362486496658,-5.310502419786728,0.9197145701554937,-0.02271777347153802,0.10385248634756215,1.4267587805278652,0.0,0.0,0.0,0.0,0.0,0.0
0.5115901711864302,0.03145133790080143,1.028823702320715,0.09343641346102519,-0.054618273149018626,0.7035344258121639,-0.7023715488079714,-7.667805891446258,-5.287043140193239,0.3555667245132588,0.3704493132576925,0.04305620454005436,0.9265520630804177,0.0,0.0,0.0,0.0,0.0,0.0
0.4603329731522202,-0.004099232436250497,1.0271540021936594,0.09385426836374558,-0.054091670770583244,0.7026955660985381,-0.7031958538334879,-7.577798015995485,-5.23408514609643,-0.20274288126697734,0.40741151173313683,0.10385248634756215,0.16151474151018316,0.0,0.0,0.0,0.0,0.0,0.0
0.4101790613469138,-0.03888275968007847,1.0257778287380228,0.09245065638952663,-0.05362136511421561,0.7017993406673758,-0.7043119413834116,-7.388856793138062,-5.1244358079695695,-0.2491809258747275,0.3704493132576925,0.33885519258203417,-0.23859384631644273,0.0,0.0,0.0,0.0,0.0,0.0
0.3618840333375374,-0.07330637902846507,1.0189029870193078,0.08949003674160988,-0.055008225636772184,0.7020372718019056,-0.7043502661582635,-7.273133070979244,-5.184127116707423,-1.0353371914894673,0.08376631645880092,0.33885519258203417,-0.9184331494780501,0.0,0.0,0.0,0.0,0.0,0.0
0.31471056193848623,-0.1066634262515043,1.009721318646968,0.0851765651120664,-0.05787636428185969,0.7016365700791694,-0.7050541842587436,-6.994728312755887,-4.946074048000218,-1.3614278071473906,0.07709547738948501,0.33885519258203417,-1.5233341439115697,0.0,0.0,0.0,0.0,0.0,0.0
0.26739210399600866,-0.1401824698801306,0.9973073191417924,0.07922167017050438,-0.061736153222127305,0.7011517321838067,-0.7059028423348195,-6.912371044231172,-4.896526148221018,-1.813460844962249,0.07709547738948501,0.3945835042439137,-2.047220917486473,0.0,0.0,0.0,0.0,0.0,0.0
0.22178976117923138,-0.17249186037461609,0.9811302742916336,0.07198683488594981,-0.0670662593235089,0.7007752998559384,-0.7065649238217777,-6.809430342332593,-4.824500900301985,-1.813460844962249,-0.0415020801760538,0.42791620005230946,-2.047220917486473,0.0,0.0,0.0,0.0,0.0,0.0
0.17973151008458607,-0.2039924912364547,0.9771785198185446,0.0668390095485819,-0.06958830250995393,0.7027578202434267,-0.7048556313480479,-6.195956966712518,-4.640624566271995,-0.5821664006706759,-0.7616271196439124,0.3945835042439137,-1.5169929374051483,0.0,0.0,0.0,0.0,0.0,0.0
0.1410502415111813,-0.23312887685086647,0.9833513046653803,0.06525858923404013,-0.06936363204677184,0.7045999288733622,-0.7031848571407917,-5.737154761572395,-4.3214703040443325,0.16148755325830924,-0.7616271196439124,0.3784716647329939,-0.2124570696664198,0.0,0.0,0.0,0.0,0.0,0.0
0.1029297956751667,-0.26234832259866736,0.9844400923447169,0.0653040194613344,-0.06826293046594997,0.7050758867151057,-0.7028111775856314,-5.6539742724913395,-4.333789673531152,0.16148755325830924,-0.1551412327163344,0.22162587590151503,0.021742416190489056,0.0,0.0,0.0,0.0,0.0,0.0
0.06596347076848105,-0.29170990735306956,0.9827619927350301,0.0649855795807878,-0.06779937743002074,0.7048861862038367,-0.7030758020054885,-5.611743942435819,-4.291733802639024,-0.25056817035628043,0.09808256639049182,0.16603722260499268,0.021742416190489056,0.0,0.0,0.0,0.0,0.0,0.0
0.0291603199855405,-0.3185791015331531,0.9777401615537008,0.06507177880674644,-0.06755879986652827,0.702942040796499,-0.7050347221551385,-5.3051157283795,-4.075810590245726,-0.2975164930018964,0.7647949350621256,0.03384198338016196,0.021742416190489056,0.0,0.0,0.0,0.0,0.0,0.0
-0.00598144849950096,-0.3454895957909408,0.9757476406757617,0.06629089550574055,-0.06624517690047896,0.7012433086724444,-0.7067353930238628,-5.27892300306471,-3.9863800645068905,-0.2975164930018964,0.7647949350621256,0.03384198338016196,0.14661775245622347,0.0,0.0,0.0,0.0,0.0,0.0
-0.038729955416051356,-0.3694764395969144,0.9767639455843725,0.06638319256152833,-0.0656473712283914,0.7013670952803329,-0.706659672016289,-4.822163936599173,-3.5354218329959366,-0.17286552909489947,0.052531387927307376,0.10634394792762429,0.14661775245622347,0.0,0.0,0.0,0.0,0.0,0.0
-0.0706774678954067,-0.3928779181907951,0.9756157961155868,0.06555341807228265,-0.06540077697676544,0.7012657137156634,-0.7068605849223292,-4.810021515622563,-3.523329573990648,-0.010372531430050005,-0.02794138139039726,0.22966267329273435,-0.13050786793969069,0.0,0.0,0.0,0.0,0.0,0.0
-0.10094021923194951,-0.41579848758657223,0.9755448233679006,0.06433554842953429,-0.06534019152474843,0.7016933038705037,-0.7065536808219721,-4.4228432691684985,-3.349797411024268,-0.010372531430050005,-0.17337435581490176,0.22966267329273435,-0.13050786793969069,0.0,0.0,0.0,0.0,0.0,0.0
-0.12919900102452198,-0.4375354096860372,0.9756615796693391,0.06358664917133972,-0.06518910404225176,0.7022071754964029,-0.7061247775306383,-4.219956617214865,-3.246030523355093,-0.010372531430050005,-0.17337435581490176,0.19033473222579195,-0.1081019445396855,0.0,0.0,0.0,0.0,0.0,0.0
-0.15633439191541532,-0.4580775469964614,0.9748779396742139,0.06337759934623483,-0.06487290947602509,0.7021182868721966,-0.7062610684137103,-3.9977756613393054,-3.0247674268387366,0.01743551899983567,0.04859149875170166,0.16421722593315002,0.01766273419703841,0.0,0.0,0.0,0.0,0.0,0.0
-0.18227605403493857,-0.47715538446650396,0.975410815163681,0.06314086917190825,-0.06433588858539444,0.7019925060850146,-0.7064564002687107,-3.8445959751473437,-2.874087480393661,-0.0394643512641618,0.073023982202745,0.16421722593315002,0.05650691254237166,0.0,0.0,0.0,0.0,0.0,0.0
-0.2064118353971996,-0.49533054567616364,0.9751447464845752,0.06288073932368024,-0.0637116884079896,0.7018028590772141,-0.7067245434915634,-3.579913866286765,-2.6958112795219007,0.039349154664949516,0.073023982202745,0.16421722593315002,0.06682929326038378,0.0,0.0,0.0,0.0,0.0,0.0
-0.2294011009124418,-0.5130480170706916,0.975411792861647,0.06277851063476511,-0.06319847722477764,0.701773511648819,-0.7068088492846103,-3.3956020389273425,-2.6024821942327883,0.027522937332062885,0.08736215332774727,0.16870105415518458,0.06682929326038378,0.0,0.0,0.0,0.0,0.0,0.0
-0.25093123592504396,-0.5292365684321807,0.9755973525210985,0.06248138495825517,-0.06269524530870282,0.701608365054257,-0.7070439058752096,-3.1852892978359386,-2.409328163303561,0.027522937332062885,0.031139236603197274,0.12906910669730834,0.03498969256447119,0.0,0.0,0.0,0.0,0.0,0.0
-0.2700599036462398,-0.5446145623067411,0.9755876308357769,0.062229228586512,-0.06238250627106229,0.7016661339197714,-0.7070364789252037,-2.9203967088309315,-2.196877702504738,-0.00144180558081219,-0.009338761089469577,0.16206251794219578,0.013413164837648364,0.0,0.0,0.0,0.0,0.0,0.0
-0.28875164747589593,-0.5584321224341333,0.9753261069093925,0.06173623976183351,-0.062105005786953354,0.7017127806920412,-0.7070578324081525,-2.688778203164869,-2.133134611856025,-0.017454506550091186,-0.012554161894777231,0.140533365833888,-0.04516656352977787,0.0,0.0,0.0,0.0,0.0,0.0
-0.3054255399368819,-0.5718121948708564,0.9752084161316751,0.06125870028906327,-0.06191399610680462,0.7019185252706439,-0.7069118846128318,-2.489924336000006,-1.9672541579782863,-0.017454506550091186,-0.043054032404628316,0.140533365833888,-0.053932590000615004,0.0,0.0,0.0,0.0,0.0,0.0
-0.3207190606388102,-0.5835876765020472,0.9754189213043774,0.06075929759468798,-0.06174568158402205,0.7020361419899185,-0.7068529082499667,-2.251104938030758,-1.7635206042036593,0.013764709354423466,-0.05620249163777024,0.1403224336050595,-0.05997985285267159,0.0,0.0,0.0,0.0,0.0,0.0
-0.3347263693304623,-0.5948677453378264,0.9755117328281134,0.060326340803333045,-0.061618923653183055,0.7021815950238613,-0.7067565694514975,-2.088220323458963,-1.6620600464814852,0.023622119482589042,-0.043054032404628316,0.11759049974380785,-0.05997985285267159,0.0,0.0,0.0,0.0,0.0,0.0
-0.3475860601806514,-0.6048592995853579,0.975670993171362,0.060005239355243795,-0.06141309580022028,0.7022874933040829,-0.7066965966118844,-1.8965781577076484,-1.492853137087081,0.013764709354423466,-0.036880808797596774,0.11083793711257116,-0.02143836947896355,0.0,0.0,0.0,0.0,0.0,0.0
-0.35855139087337057,-0.6138907806108462,0.975611236796305,0.05986249389396195,-0.06118052581608471,0.7022075050278598,-0.7068083509468539,-1.692184351479662,-1.2734433577178854,-0.00886298677204558,-0.014309528850171591,0.07910376261589705,0.007684072456909252,0.0,0.0,0.0,0.0,0.0,0.0
-0.3683821761337532,-0.6209041471072059,0.9753318311775174,0.05974270823137823,-0.06102918703121599,0.7022547015081292,-0.7067846782105689,-1.391907314726651,-1.1060498510001264,-0.00886298677204558,0.04158858605808497,0.07910376261589705,0.007684072456909252,0.0,0.0,0.0,0.0,0.0,0.0
-0.37718547592347457,-0.628185721429311,0.9755085431415226,0.059481811380869776,-0.06073551820344403,0.7021281062789292,-0.706957730926379,-1.304217990223854,-1.0787727846244306,-0.008050648105671925,-0.014309528850171591,0.05707637177513972,0.002490696054767989,0.0,0.0,0.0,0.0,0.0,0.0
-0.38414878952891485,-0.6341823918909764,0.9754541869709388,0.059469109278072585,-0.06072120629460051,0.7021905024288888,-0.7068980537860221,-1.0519126686392322,-0.8674946249813291,0.02618006066457725,-0.02545481724374921,0.04604519727456697,0.0011164000639834076,0.0,0.0,0.0,0.0,0.0,0.0
-0.390163710950158,-0.6389669598848771,0.9756998199307462,0.05931876316904036,-0.06065400157522821,0.7022723144164675,-0.7068351808117262,-0.8778976421705874,-0.7353627668664574,-0.008050648105671925,-0.02545481724374921,0.005664682216691236,0.002490696054767989,0.0,0.0,0.0,0.0,0.0,0.0
-0.39408284455723225,-0.6422933618911512,0.975170585327794,0.05932864725352105,-0.060639305307443686,0.7022809958581636,-0.7068269866971434,-0.5763283698437258,-0.48916419747986023,0.03167006975058801,-0.003064502004778954,0.0010189405137612604,0.004793692533259527,0.0,0.0,0.0,0.0,0.0,0.0
-0.3977012916143809,-0.6455078518015229,0.9753842559710764,0.05933942015656124,-0.06062841563377236,0.7022886099640401,-0.706819451308464,-0.5363229544698175,-0.4764487910464236,-0.023957605180654255,-0.00277895534373067,0.0010189405137612604,0.004793692533259527,0.0,0.0,0.0,0.0,0.0,0.0
-0.3997083746067121,-0.6474262040306386,0.9752241046482216,0.0592515656038439,-0.06054629532660391,0.7022298050573905,-0.706892282448165,-0.3230591530279193,-0.26406601100152755,0.002731781697136861,-0.00277895534373067,0.008825920248962721,-0.0036836383909112373,0.0,0.0,0.0,0.0,0.0,0.0
-0.4004686008989692,-0.647365872665224,0.9752425229733152,0.059213764634536675,-0.06054199053199433,0.702284114405064,-0.706841863583733,-0.05815371423953429,-0.0458802827505392,0.002731781697136861,0.0004086955165067098,0.008825920248962721,-0.0036836383909112373,0.0,0.0,0.0,0.0,0.0,0.0
-0.40039425524152394,-0.6473805485807826,0.9754446300274121,0.05921244681316165,-0.060543324591356557,0.7022830107639044,-0.7068429562372464,-0.006223261291741143,-0.019252154669156946,0.002731781697136861,-0.01456809658561461,-4.910002863650798e-06,-0.00516820360723671,0.0,0.0,0.0,0.0,0.0,0.0
-0.4001504729523658,-0.6477972714641819,0.9751369171961977,0.05917711220738375,-0.0605823827949043,0.702314609875618,-0.7068111721251615,0.010940191853670764,-0.002159606053089978,0.029740673803701097,-0.0032280037194824486,-8.84584535974554e-05,-0.01442028938668428,0.0,0.0,0.0,0.0,0.0,0.0
-0.4001774943815866,-0.6475564111922434,0.9753387324821869,0.05913730593800823,-0.06062234345401055,0.7023189101043182,-0.7068068046011023,5.7267719544751404e-05,-0.0148350809449307,0.029929802039670945,-0.0032280037194824486,-8.84584535974554e-05,-0.01442028938668428,0.0,0.0,0.0,0.0,0.0,0.0
-0.40017710826893377,-0.6476564328535342,0.9755745761839265,0.05913627547573011,-0.06062197682912751,0.7023181684714068,-0.7068076591854081,-0.004145936701296145,-0.010614440491705483,0.029929802039670945,0.00032143448978509643,0.0002939067681596317,-0.0004187158116198289,0.0,0.0,0.0,0.0,0.0,0.0
-0.400225635048559,-0.6477484883844964,0.9753368584469785,0.05913370710908175,-0.06062106304181156,0.702316319982761,-0.7068097891831224,-0.007197173475465848,-0.013653072197095635,0.029385629660138947,0.00032143448978509643,0.0002939067681596317,-0.00016799982929424574,0.0,0.0,0.0,0.0,0.0,0.0
