3.348313307042399,-4.679977715522834,2.3570305941294416,0.4076047572552245,-0.10399244542637819,-0.02048073417578268,-0.9069864787772595,-11.713757544891282,17.632986392077925,2.7843431010319266,4.795376330886952,1.2142547613301709,-1.9729251825029812,0.0,0.0,0.0,0.0,0.0,0.0
3.268926459081187,-4.560914644014072,2.3677095397823287,0.4032752181928498,-0.09336281786241961,-0.034084543616065804,-0.9096651727524708,-11.69786678799012,17.605023875883827,1.583775130571305,4.795376330886952,1.2713198551961868,-1.9729251825029812,0.0,0.0,0.0,0.0,0.0,0.0
3.1918047719849327,-4.442380389084236,2.3719954303940542,0.3991609189268141,-0.08220531971139376,-0.048621865843516895,-0.9118929544494485,-11.520061279766553,17.706068577557144,0.6402054252759342,5.157807000952317,1.3010762082349514,-1.9219003479978936,0.0,0.0,0.0,0.0,0.0,0.0
3.115176320817635,-4.324871220046338,2.3675301012651433,0.39483290424108586,-0.07058255794980695,-0.06377757098631137,-0.9138148071031119,-11.32016973037499,17.36739231812684,-0.6575944604019301,5.305038494706882,1.3245140921796845,-1.9057181680181867,0.0,0.0,0.0,0.0,0.0,0.0
3.039022166930031,-4.207577851674295,2.3557953598613772,0.39063107477153514,-0.05884356424335943,-0.0790282444800779,-0.9152591627207948,-11.312399870124661,17.371807834940025,-1.7393742378620083,5.362332322230559,1.3458940360056664,-1.9219003479978936,0.0,0.0,0.0,0.0,0.0,0.0
2.9622862622612374,-4.089635930563557,2.335211522576516,0.3859562651687581,-0.04699541883402482,-0.09412986911276132,-0.9164980958662228,-11.380563342736762,17.491753172888192,-3.0527517081872335,5.390539960725656,1.3782070403699163,-1.9541176149241941,0.0,0.0,0.0,0.0,0.0,0.0
2.8855188370735183,-3.9728361393250777,2.3060133347110154,0.38114108040689587,-0.03517195314976275,-0.10919629521933276,-0.9173715603005508,-11.390561010069826,17.486071620481905,-4.365213906862266,5.362332322230559,1.3782070403699163,-1.9541176149241941,0.0,0.0,0.0,0.0,0.0,0.0
2.8086648882049814,-3.8549775805015547,2.269445846238487,0.3764127271844312,-0.02343797030991956,-0.1243207600207013,-0.9177736480141524,-11.468505526215585,17.46670873373694,-5.3813958517343075,5.387288799486662,1.3782070403699163,-1.9151278159548353,0.0,0.0,0.0,0.0,0.0,0.0
2.7318308692443094,-3.7379316548391417,2.224234584332891,0.3714608052143237,-0.011591804262933172,-0.13923560981152347,-0.9178757787543309,-11.425926094779815,17.391782910601897,-6.758251422206392,5.338505507564681,1.356427939979576,-1.9151278159548353,0.0,0.0,0.0,0.0,0.0,0.0
2.6545128688362305,-3.6208435600794022,2.170829242021462,0.3661347700247469,0.000210843550742211,-0.15409012496033467,-0.9177153802316005,-11.468514990402264,17.367580160665966,-7.921570211769104,5.334088901964046,1.3886919544002836,-1.9151278159548353,0.0,0.0,0.0,0.0,0.0,0.0
2.5776773744215964,-3.505034438116481,2.108959698984206,0.3612955216670752,0.012184287988656079,-0.1687722709275871,-0.9169694704380678,-11.468514990402264,17.367580160665966,-9.107488570502719,5.334088901964046,1.3592441100762918,-1.9221424122269604,0.0,0.0,0.0,0.0,0.0,0.0
2.500511436765166,-3.387716309336659,2.0395891065279685,0.3558750300542355,0.024014641222754946,-0.18371671845848747,-0.9159827658584435,-11.389558707999212,17.264129495630907,-10.37036580609357,5.292018490129921,1.4329959629882387,-1.9221424122269604,0.0,0.0,0.0,0.0,0.0,0.0
2.423144627599782,-3.2704448112621223,1.9612060246622156,0.3502222658793264,0.03601737437637614,-0.19808818583312196,-0.9147722032608582,-11.46391841292957,17.394978168619648,-11.539169344770464,5.323014083354473,1.3592441100762918,-1.9454249804343084,0.0,0.0,0.0,0.0,0.0,0.0
2.3456074566542098,-3.15329136613519,1.8753311997229054,0.34428583530816365,0.04769453485738072,-0.21266371879086027,-0.9132177383630588,-11.481319898951241,17.34300473537728,-12.735940092014015,5.323014083354473,1.3221983102092298,-1.9454249804343084,0.0,0.0,0.0,0.0,0.0,0.0
2.2675412341329144,-3.03675079010225,1.7808594725649516,0.33838824447357907,0.059317273492715795,-0.22725835661496557,-0.911223625909768,-11.588202281818246,17.324349161790053,-14.0134086541772,5.350762892777252,1.3221983102092298,-1.9210220116136034,0.0,0.0,0.0,0.0,0.0,0.0
2.189806572173372,-2.9204821645910743,1.6779941679048114,0.3327958152975344,0.07128109030735401,-0.24172346292059582,-0.9087000159341473,-11.570124484588387,17.292538172487422,-15.375921553715077,5.350762892777252,1.3823763731869247,-1.899287203480813,0.0,0.0,0.0,0.0,0.0,0.0
2.1121370987638883,-2.803934711621867,1.5667245110248778,0.32676362092162986,0.08301129338129518,-0.2559488639855402,-0.9059938411699393,-11.619486942108205,17.37939989508275,-16.50336882245243,5.406074637956944,1.3823763731869247,-1.8722222084362916,0.0,0.0,0.0,0.0,0.0,0.0
2.032989637570404,-2.6865715923911355,1.4478644688771616,0.32064171598897884,0.09471653917717884,-0.2703875860031431,-0.9028334400703897,-11.530456884545268,17.280127671019702,-17.28132042127308,5.314453443212711,1.359366232110901,-1.8722222084362916,0.0,0.0,0.0,0.0,0.0,0.0
1.9557912729431612,-2.571168407164758,1.3304967975017952,0.3159343835205284,0.0992198027903766,-0.28694831727967723,-0.8988890694930627,-11.366755934476684,16.992067731788747,-17.28132042127308,5.406074637956944,-0.11121939853527917,-0.7757841937517206,0.0,0.0,0.0,0.0,0.0,0.0
1.8983535513031375,-2.4699373815387657,1.3603686687992986,0.31659351614795217,0.1050168656780158,-0.30766023727184694,-0.8911145728008676,-8.581600314381733,15.124628493826904,4.46306804654309,6.672840997093526,-0.42347139875313144,0.37451724331304476,0.0,0.0,0.0,0.0,0.0,0.0
1.8414923148449431,-2.3681552526176795,1.3940006779603076,0.3148360445058672,0.11045216864128238,-0.328215275861983,-0.8837156308525835,-8.431496553827019,15.092455294570861,4.46306804654309,6.7581775925750645,-0.22138985799905078,0.37451724331304476,0.0,0.0,0.0,0.0,0.0,0.0
1.7862727930790334,-2.2667457475242037,1.4218498290705912,0.3129299830481569,0.11659125814042559,-0.3486253037479632,-0.8757520778287389,-8.37376713327877,15.10944216688287,4.128651417307609,6.672840997093526,-0.31648585438370797,0.37451724331304476,0.0,0.0,0.0,0.0,0.0,0.0
1.7298268325193813,-2.1648958915327734,1.4400897173443181,0.31105028254233774,0.12214127573176861,-0.36855980012219536,-0.8674634886995735,-8.37376713327877,15.10944216688287,2.7058902962560105,6.758959995458779,-0.31648585438370797,0.3458585028663482,0.0,0.0,0.0,0.0,0.0,0.0
1.67356270854519,-2.0634240260055057,1.4507615537245304,0.30881531141634,0.1277835494678603,-0.3885389200674316,-0.8586861915234562,-8.37376713327877,15.10944216688287,1.6015788613449853,6.617922011992324,-0.31648585438370797,0.37096628332932596,0.0,0.0,0.0,0.0,0.0,0.0
1.617433623431477,-1.961318360315595,1.4522784155996629,0.3065877040564254,0.1333471116689815,-0.4081582920106629,-0.8494876904310552,-8.443854309483495,15.22841890183478,0.2209627281045933,6.762475491535557,-0.2830635318411755,0.3458585028663482,0.0,0.0,0.0,0.0,0.0,0.0
1.5597417890130643,-1.8600003782547097,1.4467109262100712,0.30399826877114333,0.13907719935676555,-0.42769414413782963,-0.8398334979467272,-8.363872077122823,15.203758887187805,-0.8314963330267022,6.692867437384056,-0.2830635318411755,0.34462191940625475,0.0,0.0,0.0,0.0,0.0,0.0
1.5035145993029582,-1.7574283316911545,1.4326100544825857,0.30129107974349634,0.14448309789075575,-0.44702193887813696,-0.8297708755147529,-8.464692680691968,15.146463767863612,-2.0918665401647822,6.692867437384056,-0.32459674798038385,0.34462191940625475,0.0,0.0,0.0,0.0,0.0,0.0
1.4465608310974971,-1.6555025412156257,1.40914772124266,0.2985805556437981,0.1497209449865235,-0.4661340627628928,-0.8192388699005575,-8.464692680691968,15.146463767863612,-3.4575278672459255,6.692867437384056,-0.32483980430561105,0.34462191940625475,0.0,0.0,0.0,0.0,0.0,0.0
1.3885063208804687,-1.5537603517419574,1.3794808617126053,0.2954203110179052,0.15502806339744812,-0.4850563619937012,-0.8083399440128866,-8.475252704384149,15.165045943359676,-4.399682752080692,6.708482398858321,-0.32483980430561105,0.37377296751033556,0.0,0.0,0.0,0.0,0.0,0.0
1.3320066277651592,-1.4516380779074516,1.339093395776424,0.2924396437640375,0.1602893094744699,-0.5035447361267081,-0.7970126038792889,-8.609655060509326,15.088666723646282,-6.032238085819714,6.7157342028653355,-0.310671365472039,0.30388339241577805,0.0,0.0,0.0,0.0,0.0,0.0
1.2732151691416709,-1.349932099510087,1.2927715121039123,0.2888593920239446,0.16564579558043815,-0.5220365199381153,-0.7852385585903067,-8.60837326973157,15.017309702069149,-6.032238085819714,6.721864829637173,-0.2684813957394634,0.2524307223127366,0.0,0.0,0.0,0.0,0.0,0.0
1.2164083784898463,-1.2508453009529912,1.255907465870428,0.2792241886584116,0.1768890346323123,-0.5439643820994007,-0.7712631670850862,-8.538228118106227,14.766957464454721,-6.523962561210466,8.770148737179067,-0.12492386137182865,-1.7225227605929716,0.0,0.0,0.0,0.0,0.0,0.0
1.1585170335702395,-1.151928627706575,1.2119291282354676,0.26806340544319035,0.18875423861837987,-0.5658325099648036,-0.7565364622625441,-8.587886381894538,14.673785041526985,-6.523962561210466,8.950831045186648,-0.11267551630002146,-2.004036634666396,0.0,0.0,0.0,0.0,0.0,0.0
1.100187445179792,-1.0527790101895065,1.1617482759591502,0.25684037466900794,0.20036400779143002,-0.5873638530765943,-0.7408717773141694,-8.598159341548012,14.61529617453823,-7.3969828293374285,8.958863111296495,-0.12492386137182865,-2.004036634666396,0.0,0.0,0.0,0.0,0.0,0.0
1.0426981835965181,-0.9552710036591492,1.109286213386834,0.24713057648191453,0.21052551607233966,-0.6115420214512708,-0.7215412955953976,-8.527334576361435,14.463281883591009,-7.7816543089902375,10.03560921019293,-0.15180167201918926,-0.9948678588097202,0.0,0.0,0.0,0.0,0.0,0.0
0.9854053657656195,-0.8588387134211393,1.0557163300571113,0.23861249618481215,0.21919690226274358,-0.63804410957453,-0.6985102067544291,-8.55446566513862,14.398431550120915,-7.9985894389444665,10.879166994383642,-0.19511871038922968,-0.053170552276357294,0.0,0.0,0.0,0.0,0.0,0.0
0.9260684607078447,-0.7632646747491664,0.9928801045739908,0.22977159778296552,0.2259870036993619,-0.6640213947266249,-0.6746928740964704,-8.46669157069554,14.243977954703585,-7.9985894389444665,10.879166994383642,-0.19511871038922968,0.25632716194953364,0.0,0.0,0.0,0.0,0.0,0.0
0.8773640492116003,-0.672090098573715,1.0022242125599812,0.23732438250624602,0.2222574614683001,-0.6695106007627613,-0.6678580041865059,-7.270566535799021,13.61048829238005,1.3948830658814682,1.6953347390020244,-0.5530234045722625,1.68936537549199,0.0,0.0,0.0,0.0,0.0,0.0
0.8339487866759308,-0.5870498507092508,1.0420002049386636,0.2378253414391743,0.2148793520472974,-0.6716652765874378,-0.6679309300068343,-6.456569702795059,12.634318832267033,4.896784634968349,-0.13906172243740758,-0.5199139243288223,2.590855581811094,0.0,0.0,0.0,0.0,0.0,0.0
0.7904552631616301,-0.5017123778257411,1.0750551917421616,0.2434444028248126,0.20675088342508938,-0.6709164127616051,-0.6692234768919236,-6.456569702795059,12.634318832267033,4.896784634968349,-1.3217674898366367,-0.5461314968089134,2.5635811394286536,0.0,0.0,0.0,0.0,0.0,0.0
0.74661850424345,-0.4169773109804219,1.09911726077451,0.248870568170165,0.19867279004619426,-0.6701412754708314,-0.6704500232711215,-6.516537166056926,12.600240054303741,3.58954447256565,-1.326182883888645,-0.5461314968089134,2.590855581811094,0.0,0.0,0.0,0.0,0.0,0.0
0.7022050838851737,-0.33233952290245167,1.1151077978086048,0.2543955916268589,0.19035144382902666,-0.6693107775222141,-0.6716191583670277,-6.532417721941354,12.596544560005864,2.351571594412946,-1.326182883888645,-0.5461314968089134,2.5635811394286536,0.0,0.0,0.0,0.0,0.0,0.0
0.6581479453186141,-0.24738357967243252,1.1229036221716906,0.2598551108964431,0.1822643055572581,-0.6683186373776249,-0.6727594244560551,-6.543931213173174,12.590001583366048,1.155898519138434,-1.326182883888645,-0.5165913560825649,2.5955886644775803,0.0,0.0,0.0,0.0,0.0,0.0
0.613975049774553,-0.16240599280977955,1.1218811566720839,0.2654389911032714,0.1741118022345785,-0.667486471357493,-0.6735644237037963,-6.543931213173174,12.590001583366048,-0.15162928737624215,-1.2558220693050741,-0.5165913560825649,2.5504868470535573,0.0,0.0,0.0,0.0,0.0,0.0
0.5699039867069232,-0.07846907841904177,1.1187400851515834,0.26589894373369977,0.16800864981059185,-0.6693371010119695,-0.6730963456437847,-6.5314462805994875,12.56803220006698,-0.2302536830457377,-0.04216851514439644,-0.6074822173504953,1.4430374969888584,0.0,0.0,0.0,0.0,0.0,0.0
0.5279385749579754,0.003638698695604448,1.1171877695837362,0.2665644172032593,0.1648796557015141,-0.6724057346803469,-0.6705435396645171,-6.384593312080384,12.188778241109786,-0.46921464643924926,0.8396572321142916,-1.1397766258883242,1.1085058256259228,0.0,0.0,0.0,0.0,0.0,0.0
0.4847129317405007,0.08569766824861105,1.1090623936988808,0.26443925106422306,0.16232909026248718,-0.6769979572744829,-0.6673791387190069,-6.307135665981172,12.132128455259203,-1.2053581585680104,1.4471305479273646,-1.1397766258883242,0.5609492047837034,0.0,0.0,0.0,0.0,0.0,0.0
0.44207970541200964,0.16773624150612618,1.0959187343319734,0.2605716696158716,0.1610387974591711,-0.682857912945433,-0.66322996120072,-6.341043105823133,12.047634404074666,-1.5480539869706433,1.4819360600402818,-1.2829989200257572,0.10039729176125649,0.0,0.0,0.0,0.0,0.0,0.0
0.40022677724631134,0.24698833663885988,1.0854839679631947,0.25235734355597095,0.16216217538902267,-0.6867754186057877,-0.6620866441979618,-6.20910809341755,11.757476642034716,-1.5480539869706433,1.4819360600402818,-1.2829989200257572,-1.5685271196355484,0.0,0.0,0.0,0.0,0.0,0.0
0.35864242541278074,0.3244243586588839,1.0803637355608608,0.2436356964493368,0.16601428867567775,-0.6883366778540266,-0.6627771279186068,-6.211888782419933,11.567427056865824,-1.5480539869706433,0.8801370234001511,-1.4088507453323114,-2.4920316203193495,0.0,0.0,0.0,0.0,0.0,0.0
0.3168559236356404,0.40117654644301387,1.0662372673852059,0.2336409957834417,0.16995711337894742,-0.6890612208424322,-0.6646210188012069,-6.189173807398334,11.389166476621913,-2.0952932306040957,0.5431340930117411,-1.4088507453323114,-2.8678120746596463,0.0,0.0,0.0,0.0,0.0,0.0
0.2751429276374889,0.47793670595541254,1.046987543385709,0.22291945176135144,0.17431053665549834,-0.6890636635027358,-0.6671686611925648,-6.196237199846048,11.38119297816183,-2.855396603833147,0.3220364210493798,-1.4564179355273252,-3.1804703176889197,0.0,0.0,0.0,0.0,0.0,0.0
0.23360976319325583,0.5530726618190798,1.0246542454157155,0.2109277218679263,0.17986087490661576,-0.6874185050436181,-0.6712788993771742,-6.159926370618968,11.143671860778037,-3.312328182769989,-0.1786495295424493,-1.4564179355273252,-3.864598778143983,0.0,0.0,0.0,0.0,0.0,0.0
0.19192573916734665,0.6276266692369773,0.9964967566449586,0.1985846340691122,0.1858863448455563,-0.6845906485594474,-0.6762736530551452,-6.182082271064137,11.056970104625496,-3.312328182769989,-0.5460284288562611,-1.4564179355273252,-3.864598778143983,0.0,0.0,0.0,0.0,0.0,0.0
0.1504310674214476,0.6997136059059819,0.9751385066144287,0.19036987872918182,0.1847585861258981,-0.6804372876767487,-0.683102241003867,-6.072146773786025,10.731080375720737,-3.166148071536429,-1.068790586857924,-1.4066019795354388,-2.049160181439796,0.0,0.0,0.0,0.0,0.0,0.0
0.11351803602941042,0.7649791655437846,0.9826974694781911,0.19333062068964008,0.1839278103696679,-0.6780012499653189,-0.6849146930252287,-5.485821074387062,9.675700566727011,0.8758661385914708,-1.068790586857924,-0.6132096899699943,0.5318483373054835,0.0,0.0,0.0,0.0,0.0,0.0
0.07692508947185003,0.8295221341820753,0.9886023506696716,0.19334596381872635,0.18110755690700958,-0.6787531227941292,-0.6849172135400012,-5.417647068317526,9.579375725839695,0.8758661385914708,-0.010324776694163445,-0.246276747647204,0.611249704213404,0.0,0.0,0.0,0.0,0.0,0.0
0.04110689634173588,0.8936498694086941,0.9887193400556495,0.1943200213110813,0.17902526615357955,-0.6799131184538311,-0.6840378898501805,-5.348797340283154,9.492933780562186,0.017354779994513417,0.24101123274037403,-0.5756080664379665,0.611249704213404,0.0,0.0,0.0,0.0,0.0,0.0
0.0057475249348088505,0.956418692146424,0.9842169915524672,0.191435033029403,0.17926911221442215,-0.6813132074636906,-0.6833941226484336,-5.214582923580733,9.256760461451826,-0.47484611336776283,0.577889048199337,-0.5756080664379665,-0.5201374750408818,0.0,0.0,0.0,0.0,0.0,0.0
-0.029836226760711793,1.018027553701918,0.9810158052050811,0.18774743114616993,0.17967361264246332,-0.682837186296954,-0.6827896250149669,-5.278295093773133,9.138714615138474,-0.6639787045564988,0.577889048199337,-0.7159888156681079,-0.7140104436920427,0.0,0.0,0.0,0.0,0.0,0.0
-0.06466512912261133,1.078167915757776,0.973425461979042,0.18471074801119858,0.1794197370555374,-0.681870100902688,-0.6846485689892469,-5.196649158412248,8.973247523472518,-0.47484611336776283,0.032231110935044535,-0.7159888156681079,-0.7140104436920427,0.0,0.0,0.0,0.0,0.0,0.0
-0.09768328767653399,1.135053189748089,0.9731963066806165,0.18232601488932898,0.1785806140756366,-0.6821792849302152,-0.6851989578093687,-4.866485643075708,8.392268108727063,-0.03379916956103325,0.016598835403724303,-0.6951259706362019,-0.32647089882275204,0.0,0.0,0.0,0.0,0.0,0.0
-0.12993788488034677,1.1909486174943993,0.9731291733674327,0.18187430176912872,0.17790486722911336,-0.6823991332321684,-0.6852758711177338,-4.830452121479599,8.328132420222582,-0.03379916956103325,0.016598835403724303,-0.46399902602309917,0.052722919001766885,0.0,0.0,0.0,0.0,0.0,0.0
-0.16116550218779524,1.244740214780843,0.9728502692489406,0.18100783578559201,0.17663071821948928,-0.6824517523848599,-0.6857822966746208,-4.631966622452807,7.97886309243964,-0.028770452983912537,0.012992660102165902,-0.4392544079794292,0.052722919001766885,0.0,0.0,0.0,0.0,0.0,0.0
-0.1914181630203781,1.2966370481896774,0.9726552081919682,0.17989061725391833,0.17570990604935086,-0.6827267628937894,-0.6860390382250122,-4.45674146921536,7.657550352652955,-0.028770452983912537,-0.03334318196183865,-0.45968553950137353,0.020770514297607245,0.0,0.0,0.0,0.0,0.0,0.0
-0.22081040944454963,1.3471115276346048,0.9725778913159026,0.17890026612154977,0.17457862542085856,-0.6829398801773021,-0.686374619570985,-4.359727578805688,7.486837749187549,-0.011468348217611397,0.008273914192624455,-0.4392544079794292,-0.005305303773570068,0.0,0.0,0.0,0.0,0.0,0.0
-0.24871285252509331,1.395446656951253,0.9731186478330893,0.17791283233478264,0.1736204641316543,-0.6832092709800749,-0.6866061830279415,-4.193331074213429,7.194034518778637,-0.011468348217611397,-0.01810471219040154,-0.45968553950137353,0.0033318345681181247,0.0,0.0,0.0,0.0,0.0,0.0
-0.2762983726063735,1.4419556017007036,0.9729911012318179,0.17683969120471107,0.1725048399655147,-0.6834523933875801,-0.6869225791716873,-4.021922159503351,6.882541449574314,0.013454536757206984,-0.0034552953059694093,-0.4357840646038216,0.0033318345681181247,0.0,0.0,0.0,0.0,0.0,0.0
-0.30253380960418264,1.4868085939596993,0.9730818085186249,0.17584722662346666,0.17148387846083216,-0.6837058621504728,-0.6871807086770878,-3.8956084341298642,6.650661439479256,0.0008252617387417649,-0.00898685366493613,-0.4357840646038216,0.0033318345681181247,0.0,0.0,0.0,0.0,0.0,0.0
-0.32784080352725703,1.5299630474452346,0.9730873722369883,0.1748937997280359,0.170512033662584,-0.6839316484346842,-0.6874411287247475,-3.753765457422156,6.401064358743673,0.013454536757206984,-0.0034552953059694093,-0.4357840646038216,0.004185643200634766,0.0,0.0,0.0,0.0,0.0,0.0
-0.35210298423753394,1.571127025465029,0.9735044011068644,0.17390881725522778,0.16947647301164656,-0.6842079756378129,-0.6876720835180286,-3.596881153747977,6.102581565966881,0.0008252617387417649,-0.00898685366493613,-0.41652574337893855,0.0006538294417144607,0.0,0.0,0.0,0.0,0.0,0.0
-0.37570202541121667,1.6102963473550005,0.9733730749367381,0.17295444317528846,0.16853823659383782,-0.6844070290043168,-0.6879452318617012,-3.4928919024542755,5.813683170867468,0.023874652121577796,0.0017812867643008435,-0.43091008457544194,0.011225472587296309,0.0,0.0,0.0,0.0,0.0,0.0
-0.39818042627057026,1.6476083981031981,0.9735340207787032,0.17202118532616043,0.16747821424695591,-0.684676830488939,-0.6881695992582454,-3.3417252050338386,5.530716086887452,0.023874652121577796,-0.007510598507980081,-0.42328255781565527,-0.008340144492351327,0.0,0.0,0.0,0.0,0.0,0.0
-0.4204619579176091,1.6830821689777087,0.9737494625072806,0.1709825184990441,0.16657053185385332,-0.684884989914129,-0.6884415638788609,-3.230923262788291,5.352704353145376,0.023874652121577796,0.0013772966419697687,-0.43091008457544194,0.026737636368147015,0.0,0.0,0.0,0.0,0.0,0.0
-0.4404845168722027,1.7173658923944377,0.9737070063602581,0.1700462135783636,0.16545782727446287,-0.6851634790402913,-0.6886646496159652,-3.0458298094744163,5.041424645455445,0.009559314371330169,0.000778064316355739,-0.43293334868931355,-0.014893421170550378,0.0,0.0,0.0,0.0,0.0,0.0
-0.4599781161612447,1.7495230602547318,0.9737714438677016,0.16901126660001886,0.164487618061402,-0.6854043738681344,-0.6889120840493178,-2.891878522704568,4.770520913419254,0.009559314371330169,0.000778064316355739,-0.44258809166309665,0.003721048038999634,0.0,0.0,0.0,0.0,0.0,0.0
-0.47876028889178596,1.7801822688309157,0.9739346417119209,0.16795202385392427,0.16337635957673557,-0.6856122489906697,-0.6892286462769665,-2.7675440791287524,4.517619573789679,0.024047123513105582,0.000778064316355739,-0.4367293355119798,0.0002735526051186048,0.0,0.0,0.0,0.0,0.0,0.0
-0.49639004457400465,1.808650773284634,0.9742448981251489,0.1669332535824152,0.16237120706295216,-0.6859009189661082,-0.6894264350362244,-2.615192034551836,4.223008385649798,0.024047123513105582,-0.015754486372088948,-0.46526301700745554,0.0002735526051186048,0.0,0.0,0.0,0.0,0.0,0.0
-0.5131774490234362,1.8356059964316982,0.9739507128337,0.16583668014276315,0.16126797620045621,-0.6861284034331591,-0.6897236036077786,-2.48801462461378,3.999217888630947,0.03507514300256614,0.0070213151211203995,-0.46076244054783383,-0.003550889327461898,0.0,0.0,0.0,0.0,0.0,0.0
-0.5288654229653318,1.8608490382382534,0.9741871643804638,0.16475252074264976,0.16021498579679663,-0.6863980541232134,-0.6899604891085729,-2.3413063698815355,3.7364987566743864,-0.022309803091792896,0.0032600775212210022,-0.4646182433830007,-0.006254592488708535,0.0,0.0,0.0,0.0,0.0,0.0
-0.5438903376248813,1.8841580753772562,0.9740377622986781,0.1636649170142226,0.15916094701306982,-0.6866569222449332,-0.690205664289816,-2.1934124131215604,3.509212225604122,0.03507514300256614,0.0032600775212210022,-0.46076244054783383,-0.006254592488708535,0.0,0.0,0.0,0.0,0.0,0.0
-0.5574360834208473,1.906294584593477,0.9742832257185222,0.16264984489380638,0.15807652066300565,-0.6869078200008419,-0.6904451378587512,-2.024445316667935,3.243917406479674,-0.01943353074182525,-0.0021174321063821278,-0.46124673390822163,-0.007714878481621808,0.0,0.0,0.0,0.0,0.0,0.0
-0.570114778098798,1.9264555609349638,0.9741520565769195,0.16155713350077477,0.15702458812165457,-0.6871388781172935,-0.6907117586373819,-1.878428110296966,2.9869750516779896,0.021916828505528483,-0.006511646802880944,-0.44914288106337563,0.003069346268317473,0.0,0.0,0.0,0.0,0.0,0.0
-0.582323139901113,1.9451347709754778,0.9742999609326479,0.16057438727407028,0.15601352003019342,-0.6873542468607696,-0.6909557055570273,-1.800456671668479,2.772822870700645,0.021916828505528483,-0.006511646802880944,-0.4290655438061364,-0.005724366332270979,0.0,0.0,0.0,0.0,0.0,0.0
-0.5935213867186323,1.962172876771023,0.9744479764233266,0.1595570686269924,0.15503608645283337,-0.6876232232974104,-0.6911437307323496,-1.6600873509245642,2.5258189407512965,0.0219425993926368,0.0063505116015946175,-0.4290655438061364,0.003069346268317473,0.0,0.0,0.0,0.0,0.0,0.0
-0.6036894656008415,1.9777028788850943,0.9746862077727454,0.15859375267188902,0.1540157389756624,-0.6878731697311115,-0.6913448315604173,-1.5388502639109771,2.345474892884712,0.0219425993926368,0.0063505116015946175,-0.4290655438061364,-0.005511384043063841,0.0,0.0,0.0,0.0,0.0,0.0
-0.6130758006518425,1.9917294677480526,0.9744466275142816,0.15765312631020284,0.1530816375560323,-0.6880522174366085,-0.6915892206276416,-1.3659406928648634,2.0412108033536116,-0.018417233908566023,0.0063505116015946175,-0.39549275955577545,-0.005511384043063841,0.0,0.0,0.0,0.0,0.0,0.0
-0.621643202815268,2.003996703487351,0.9743224014294515,0.15677729371017954,0.15225383614798674,-0.6882720568449797,-0.6917522860977875,-1.2701668079482693,1.8186884850404879,-0.018417233908566023,-0.013852867419370963,-0.36611409846318926,-0.005511384043063841,0.0,0.0,0.0,0.0,0.0,0.0
-0.629397038456724,2.0148173006550176,0.9745284294702963,0.15596240369308687,0.15137529335195568,-0.6884361749609397,-0.6919659545107942,-1.1488680796147268,1.6052425380382669,0.030553485692023367,0.012871395941861036,-0.3638816843476905,0.008403291829471566,0.0,0.0,0.0,0.0,0.0,0.0
-0.6358283580998136,2.024829954326326,0.9748557005034324,0.15514275909273736,0.15052988238908424,-0.6886670274592517,-0.6921049083047017,-1.0571372737842917,1.4414799541896013,0.030553485692023367,-0.013998816638889262,-0.36050016658686007,0.008403291829471566,0.0,0.0,0.0,0.0,0.0,0.0
-0.6419782679310888,2.0322786907625354,0.9745593403125189,0.15441797326534662,0.1498299607924491,-0.688786060798891,-0.6923003934931008,-0.8539869234285907,1.126326061542268,-0.03582213250781869,0.012714940816197801,-0.30379625606077576,0.007764624069640799,0.0,0.0,0.0,0.0,0.0,0.0
-0.6469300607314207,2.038454819128477,0.974317861637028,0.15377584418890083,0.14916139283679583,-0.6889659047788227,-0.6924087309409639,-0.7345732598713772,0.9161972097962947,-0.03582213250781869,-0.008158090444936861,-0.28160103631595773,0.0028619994848274968,0.0,0.0,0.0,0.0,0.0,0.0
-0.6506671735213034,2.0437965492806867,0.9744730252938104,0.15318018063066374,0.14854104262066295,-0.6890833790566306,-0.6925572089199703,-0.6269704943479849,0.7510104794099169,0.0020976506193031456,0.011651192861606107,-0.2610915795589467,0.0028619994848274968,0.0,0.0,0.0,0.0,0.0,0.0
-0.6543017377384827,2.0478341041685657,0.974487067631726,0.15259220309591873,0.14800080626685586,-0.6892310659332903,-0.6926556999340691,-0.4702655519766923,0.6444276387767981,0.022743068215376635,-0.008105012109694628,-0.2439570447032749,-0.006389362400313141,0.0,0.0,0.0,0.0,0.0,0.0
-0.6564246398276746,2.050485879842429,0.9746403851437113,0.15213180168298618,0.14755972113143292,-0.6893083246852926,-0.6927741891380319,-0.31491058264574934,0.3933635125018603,0.0020976506193031456,-0.0026631133011093054,-0.19348497673799483,-0.006389362400313141,0.0,0.0,0.0,0.0,0.0,0.0
-0.6578190022450402,2.051898934150777,0.9744143139909257,0.15180754777071545,0.14724324972248148,-0.689371213014357,-0.692850073622078,-0.20862405033444667,0.20633410292399643,0.018623605583116164,-0.008105012109694628,-0.1365650089751853,-0.00257887344921746,0.0,0.0,0.0,0.0,0.0,0.0
-0.6585870675080207,2.052098981096537,0.9745398832309928,0.15170193407886287,0.14705382433222575,-0.6893639496922925,-0.6929206598237937,-0.1064000416695104,0.03393996774020033,-0.016620270041002836,-0.0026631133011093054,-0.0632827187160185,-0.0007340390365515626,0.0,0.0,0.0,0.0,0.0,0.0
-0.6585342088245647,2.0520414493610257,0.9744278253981583,0.15169921284728266,0.14705293797300692,-0.6893603217290143,-0.6929250530040689,0.0018777093600889385,0.0019585205654695575,0.0002184055413435006,-0.001565262137138291,-0.0007670331710033335,0.0012411539518171592,0.0,0.0,0.0,0.0,0.0,0.0
-0.6583593628090978,2.052146822316404,0.9744292978884447,0.15170438473968267,0.14705351718283743,-0.6893630369707537,-0.6929210965134275,0.003076963213626831,-0.00015177257594397607,0.0002184055413435006,-0.0010871831222850445,-0.0007670331710033335,0.0012411539518171592,0.0,0.0,0.0,0.0,0.0,0.0
-0.6584778824072632,2.0520667487329374,0.9746114269527489,0.15170233494890867,0.1470221910287607,-0.6893671741624913,-0.6929240767236864,0.025933847586605073,0.01562933051278594,0.0002184055413435006,-0.0010871831222850445,0.0012271016297641134,0.0016039238139214293,0.0,0.0,0.0,0.0,0.0,0.0
-0.658008174441029,2.052547996978811,0.9745926274467084,0.15172001697748505,0.1470295334770777,-0.6893585497046136,-0.6929272275520831,-0.01770640159085075,-0.01196270530472989,-0.002769028072209575,-0.002838020864464107,-0.0057121248607219476,0.0016039238139214293,0.0,0.0,0.0,0.0,0.0,0.0
-0.6584516206032763,2.0519778205370947,0.9745424243045776,0.15169689187936006,0.14702639068467205,-0.6893442651869335,-0.6929471678925216,0.01591449069437427,-0.026998983334739855,-0.007592933789541585,-0.002842825950649616,0.0053385547899389985,-0.005742165543854136,0.0,0.0,0.0,0.0,0.0,0.0
