px,py,pz,qw,qx,qy,qz
0.0,0.0,1.1,6.123233995736766e-17,1.0,0.0,0.0
0.0,0.005,1.1490190000000307,-0.0014096948264124152,0.9986256185957842,-0.014195861185703125,0.050431777381725364
0.0,0.01,1.1970570000000917,-0.0016533040274045836,0.9944896847914045,-0.027551011243437035,0.10113592442228436
0.0,0.015000000000000001,1.2441140000001831,-0.000659166259942028,0.9875817253388245,-0.04003013511096954,0.15191935215643335
0.0,0.02,1.290190000000305,0.00163763263639328,0.9779037434186448,-0.05160644601879718,0.20257927212935442
0.0,0.024999999999999998,1.3352850000004575,0.005293801723853964,0.9654711812951482,-0.06226203269453594,0.2529047509174261
0.0,0.029999999999999995,1.3793990000006404,0.010356461018684721,0.9503137046059473,-0.07198808952554651,0.30267857790030656
0.0,0.034999999999999996,1.4225320000008537,0.016861874599251425,0.9324757629832012,-0.08078501097970744,0.35167941457370744
0.0,0.04,1.4646840000010974,0.02483434316769408,0.9120168874656944,-0.08866233456402801,0.3996841788293272
0.0,0.045000000000000005,1.5058550000013717,0.034285295453975934,0.8890116938139085,-0.09563852082965099,0.44647060386018295
0.0,0.05000000000000001,1.5460450000016766,0.045212612487362,0.8635495720723674,-0.10174056426192607,0.4918198997899177
0.0,0.055000000000000014,1.5852540000020117,0.057600211207625415,0.8357340559524009,-0.1070034350630612,0.5355194378123843
0.0,0.06000000000000002,1.6234820000023773,0.07141790452044638,0.8056818800137318,-0.11146935847954749,0.5773653724043433
0.0,0.06500000000000002,1.6607290000027735,0.08662154427769846,0.7735217472156917,-0.11518694501318867,0.6171651175737816
0.0,0.07000000000000002,1.6969950000032001,0.10315344248038802,0.7393928431272505,-0.11821019111917207,0.6547395982772204
0.0,0.07500000000000002,1.7322800000036573,0.12094305502617532,0.7034431449088602,-0.12059737539085594,0.6899252078091549
0.0,0.08000000000000003,1.766584000004145,0.1399079023109488,0.6658275822404954,-0.12240987937780061,0.7225754154615553
0.0,0.08500000000000003,1.7999070000046633,0.15995469261190998,0.6267061130484074,-0.12371096480589526,0.75256198506567
0.0,0.09000000000000004,1.832249000005212,0.18098060793840326,0.5862417788670012,-0.12456453992443235,0.7797757829366821
0.0,0.09500000000000004,1.8636100000057914,0.2028747082437319,0.5445988029829705,-0.12503394699672665,0.8041271719342392
0.0,0.10000000000000005,1.893990000006401,0.22551940863176703,0.5019407894796789,-0.12518080071705992,0.8255460055737244
0.0,0.10500000000000005,1.923389000007041,0.24879198533816307,0.45842907351984835,-0.12506390382967544,0.8439812512977474
0.0,0.11000000000000006,1.9518070000077117,0.2725660695088332,0.41422126343655963,-0.12473826177691445,0.8594002843369328
0.0,0.11500000000000006,1.9792440000084128,0.29671309269894997,0.3694700042889093,-0.12425421318460016,0.8717879025644106
0.0,0.12000000000000006,2.0057000000091443,0.3211036540630049,0.32432198131031514,-0.123656687774849,0.8811451182154343
0.0,0.12500000000000008,2.0311750000099065,0.34560878587496296,0.27891717087668744,-0.12298459821732474,0.8874877844328353
0.0,0.13000000000000012,2.055669000010699,0.37010110081751796,0.23338833684677468,-0.12227036776855325,0.8908451136776253
0.0,0.13500000000000015,2.0791820000115218,0.3944558109940276,0.18786076180206326,-0.12153959151099758,0.8912581416422141
0.0,0.14000000000000018,2.1017140000123753,0.4185516145244456,0.14245219608223858,-0.12081082571718074,0.888778185038236
0.0,0.1450000000000002,2.123265000013259,0.44227145066970996,0.09727300265085909,-0.1200954973837758,0.88346533513542
0.0,0.15000000000000024,2.1438350000141737,0.4655031285696555,0.05242647267100558,-0.1193979242976808,0.8753870217958138
0.0,0.15500000000000028,2.1634240000151186,0.4881398378469754,0.008009285053356878,-0.11871543505295497,0.8646166754925854
0.0,0.1600000000000003,2.1820320000160938,0.5100805515629347,-0.03588791707843315,-0.11803857814239177,0.851232507835049
0.0,0.16500000000000034,2.1996590000170997,0.5312303333981505,-0.0791798593509929,-0.11735140948909041,0.8353164247408111
0.0,0.17000000000000037,2.216305000018136,0.5515005615932315,-0.1217859034227884,-0.11663184844296887,0.8169530807938865
0.0,0.1750000000000004,2.2319700000192024,0.5708090822528394,-0.1636292715350792,-0.11585209322824504,0.796229078600628
0.0,0.18000000000000044,2.2466540000202997,0.589080304226844,-0.2046362490977603,-0.11497908798281714,0.7732323131206095
0.0,0.18500000000000047,2.2603570000214273,0.6062452470585228,-0.2447353838401858,-0.11397503478415974,0.74805145796362
0.0,0.1900000000000005,2.2730790000225856,0.6222415525415016,-0.2838566979279187,-0.11279794532798146,0.7207755884198536
0.0,0.19500000000000053,2.284820000023774,0.6370134693446091,-0.32193092753861635,-0.11140222814856868,0.6914939344138931
0.0,0.20000000000000057,2.295580000024993,0.6505118190172051,-0.35888880278106966,-0.10973930838905033,0.660295755515353
0.0,0.2050000000000006,2.3053590000262427,0.6626939505274434,-0.39466037957391487,-0.10775827810164501,0.6272703294668679
0.0,0.21000000000000063,2.3141570000275227,0.6735236893450882,-0.4291744341882508,-0.10540657584598659,0.5925070452733878
0.0,0.21500000000000066,2.321974000028833,0.6829712859761312,-0.46235793058926783,-0.10263069492698751,0.5560955916136389
0.0,0.2200000000000007,2.328810000030174,0.6910133677929052,-0.49413557045173473,-0.09937691994486554,0.5181262310751287
0.0,0.22500000000000073,2.334665000031545,0.6976328969749372,-0.5244294357186974,-0.09559209139327375,0.4786901503824635
0.0,0.23000000000000076,2.3395390000329472,0.7028191363693798,-0.5531587337497067,-0.09122439781238666,0.4378798763053493
0.0,0.2350000000000008,2.3434320000343796,0.7065676240779517,-0.5802396553747068,-0.08622419445901126,0.39578974623576957
0.0,0.24000000000000082,2.346344000035842,0.7088801565605242,-0.6055853564260992,-0.08054484657438078,0.35251642147183876
0.0,0.24500000000000086,2.3482750000373356,0.7097647789954956,-0.6291060734422069,-0.07414359409591907,0.3081594300198256
0.0,0.2500000000000009,2.3492250000388593,0.7092357805395377,-0.6507093840836962,-0.06698243306357682,0.26282172423293576
0.0,0.25500000000000095,2.3491940000404132,0.7073136909768704,-0.6703006222321386,-0.059029007018385135,0.2166102368825352
0.0,0.260000000000001,2.348182000041998,0.7040252740439145,-0.6877834565917624,-0.05025749940257775,0.16963641737515772
0.0,0.26500000000000107,2.346189000043613,0.6994035114754281,-0.7030606397374765,-0.040649515392876034,0.1220167278945614
0.0,0.27000000000000113,2.3432150000452587,0.6934875705760386,-0.7160349318022458,-0.03019493880740063,0.07387307740925914
0.0,0.2750000000000012,2.339260000046935,0.6863227469283031,-0.7266101992590197,-0.018892746834123494,0.025333169928334516
0.0,0.28000000000000125,2.334324000048641,0.6779603727772675,-0.7346926844549352,-0.006751762486644768,-0.02346925766685605
0.0,0.2850000000000013,2.3284070000503783,0.6684576807740581,-0.7401924356911601,0.006208677905723687,-0.07239433319271507
0.0,0.29000000000000137,2.3215090000521457,0.6578776122267673,-0.7430248807888242,0.019958166991161774,-0.12129610640870937
0.0,0.2950000000000014,2.3136300000539434,0.6462885589169569,-0.7431125194234113,0.03445480467953739,-0.1700227882483039
0.0,0.3000000000000015,2.304770000055772,0.6337640280182647,-0.7403867013498429,0.0496449390066196,-0.2184171909108598
0.0,0.30500000000000155,2.2949290000576306,0.6203822208140215,-0.7347894494063966,0.06546309527371126,-0.26631738263975835
0.0,0.3100000000000016,2.28410700005952,0.6062255178423488,-0.7262752784231964,0.08183211676025023,-0.31355756430776927
0.0,0.31500000000000167,2.27230400006144,0.5913798658465622,-0.7148129545090337,0.09866353624561335,-0.3599691666697003
0.0,0.3200000000000017,2.25952000006339,0.5759340654629973,-0.7003871343377187,0.11585819179677649,-0.40538215758348706
0.0,0.3250000000000018,2.2457550000653708,0.5599789628510596,-0.6829998216803311,0.13330709286110679,-0.44962653807555375
0.0,0.33000000000000185,2.231009000067382,0.5436065532923798,-0.6626715791252414,0.1508925338858188,-0.4925339954305231
0.0,0.3350000000000019,2.2152820000694233,0.5269090099060374,-0.6394424371189523,0.16848944286878703,-0.5339396712485217
0.0,0.34000000000000197,2.1985740000714955,0.5099776557217575,-0.6133724503284513,0.1859669419819635,-0.5736839934428088
0.0,0.345000000000002,2.180885000073598,0.4929019020503693,-0.5845418627459263,0.20319008736789776,-0.6116145142555698
0.0,0.3500000000000021,2.162215000075731,0.47576818000183374,-0.5530508574699673,0.2200217461225968,-0.6475876922723595
0.0,0.35500000000000215,2.1425640000778947,0.4586588947610104,-0.5190188839177228,0.23632456106523428,-0.6814705556594021
0.0,0.3600000000000022,2.1219320000800885,0.4416514335419695,-0.482583573289647,0.2519629487895942,-0.7131421867191506
0.0,0.36500000000000227,2.100319000082313,0.4248172578105425,-0.4438992711815168,0.2668050741625993,-0.7424949743344662
0.0,0.3700000000000023,2.077725000084568,0.408221108333517,-0.40313523301979504,0.2807247451274378,-0.7694355906001269
0.0,0.3750000000000024,2.054150000086853,0.39192034797024194,-0.3604735422700913,0.29360317537047664,-0.7938856602701114
0.0,0.38000000000000245,2.029594000089169,0.37596446209943474,-0.31610682213164504,0.3053305688495122,-0.8157821056913107
0.0,0.3850000000000025,2.004057000091515,0.3603947305207017,-0.2702358179997412,0.3158074888523685,-0.8350771646187454
0.0,0.39000000000000257,1.977539000093892,0.3452440780179639,-0.22306693005241715,0.32494598448301615,-0.8517380926545906
0.0,0.3950000000000026,1.9500400000962992,0.3305371039861939,-0.17480977299520178,0.3326704584850101,-0.8657465750467396
0.0,0.4000000000000027,1.921560000098737,0.3162902850547726,-0.12567483373829286,0.3389182713250436,-0.8770978834240042
0.0,0.40500000000000275,1.8920990001012052,0.3025123388833228,-0.07587128833191922,0.3436400867556696,-0.8857998211812605
0.0,0.4100000000000028,1.8616570001037038,0.28920473256067836,-0.02560502777969723,0.3467999730687161,-0.8918715063821953
0.0,0.41500000000000287,1.830234000106233,0.27636231549582885,0.024923070608757203,0.34837528152362324,-0.8953420432150789
0.0,0.4200000000000029,1.7978300001087926,0.2639740544274212,0.07551860290392193,0.3483563287589355,-0.8962491324504509
0.0,0.425000000000003,1.7644450001113827,0.2520238471657298,0.1259948185257993,0.34674591332173266,-0.8946376684217551
0.0,0.43000000000000305,1.7300790001140032,0.24049139180047863,0.17617352115973936,0.3435586978850775,-0.8905583653077201
0.0,0.4350000000000031,1.6947320001166541,0.22935308917920272,0.22588570098310004,0.33882048849181234,-0.8840664495124226
0.0,0.44000000000000317,1.6584040001193356,0.2185829582670643,0.2749719162918662,0.3325674405646791,-0.8752204482770372
0.0,0.4450000000000032,1.6210950001220477,0.2081535463114271,0.3232824482943931,0.32484521879371925,-0.8640810978198874
0.0,0.4500000000000033,1.5828050001247902,0.19803681833285455,0.37067725655685196,0.3157081346885244,-0.8507103877040528
0.0,0.45500000000000335,1.543534000127563,0.18820501315209318,0.4170257645426845,0.3052182818748131,-0.8351707520869003
0.0,0.4600000000000034,1.5032820001303664,0.17863145577667855,0.46220650516047945,0.2934446853870623,-0.8175244132211159
0.0,0.46500000000000347,1.4620490001332003,0.16929131838496075,0.5061066555302134,0.2804624774725896,-0.7978328781627405
0.0,0.4700000000000035,1.4198350001360647,0.1601623242706825,0.5486214886094599,0.2663521089325295,-0.7761565861263747
0.0,0.4750000000000036,1.3766400001389594,0.1512253908929183,0.5896537671818359,0.2511986018836439,-0.7525547012737727
0.0,0.48000000000000365,1.3324640001418846,0.14246520958849118,0.6291131032571292,0.23509084708793912,-0.7270850438446447
0.0,0.4850000000000037,1.2873070001448403,0.13387076054460964,0.6669153033797607,0.21812094668336035,-0.6998041513216723
0.0,0.49000000000000377,1.2411690001478266,0.12543576231378686,0.702981717856069,0.20038360124913707,-0.6707674606324595
0.0,0.4950000000000038,1.1940500001508432,0.11715905550904598,0.7372386096119958,0.18197553862516128,-0.6400296020901565
0.0,0.5000000000000039,1.1459500001538903,0.10904492038132907,0.7696165563594646,0.16299498073631344,-0.6076447957246073
0.0,0.505000000000004,1.0968690001569679,0.10110332779455858,0.800049898023092,0.14354114380532257,-0.5736673407273315
0.0,0.5100000000000041,1.046807000160076,0.093350122721952,0.8284762399679138,0.12371376672739719,-0.5381521888077255
0.0,0.5150000000000042,0.9957640001632146,0.08580713883733626,0.8548360214557377,0.10361266198662814,-0.5011555922289231
0.0,0.5200000000000043,0.9437400001663837,0.07850224211698169,0.8790721579023918,0.08333728328521414,-0.46273581706853145
0.0,0.5250000000000045,0.8907350001695833,0.07146930065332177,0.9011297648516843,0.06298630400786975,-0.4229539117562382
0.0,0.5300000000000046,0.8367490001728133,0.06474807716802801,0.9209559710499055,0.04265720074107154,-0.38187452011820194
0.0,0.5350000000000047,0.7817820001760738,0.058384040059329546,0.9384998275096288,0.022445836305810398,-0.33956672696729684
0.0,0.5400000000000048,0.7258340001793647,0.052428088294077045,0.9537123188952334,0.0024460371485973374,-0.296104922700679
0.0,0.5450000000000049,0.6689050001826862,0.046936185132060396,0.9665464828387994,-0.017250839517434266,-0.2515696714096148
0.0,0.550000000000005,0.610995000186038,0.041968895627718605,0.976957641793194,-0.036556352700528344,-0.2060485647096531
0.0,0.5550000000000052,0.5521040001894203,0.03759082317634776,0.9849037506389294,-0.055385441690515506,-0.1596370409367546
0.00987824479705566,0.5709062018081114,0.5330523716182911,0.05630928284003318,0.9820423219935627,-0.06162254030590744,-0.1691886668952214
0.02087731701012136,0.5878855452721311,0.5169648337205658,0.07807694716219758,0.9778596138552081,-0.0663649226446742,-0.1824561946198148
0.03187707262284544,0.6048653221072774,0.499894208944514,0.09930646761357746,0.972869445660929,-0.07196185160911435,-0.19617532745608124
0.0429036790693642,0.621856306883677,0.48176502885500194,0.11979426159043657,0.9673113312151941,-0.07835209368612696,-0.20933005710526725
0.053942671059276526,0.6388491256935861,0.4626208843691909,0.13968245148734684,0.961125020053676,-0.08553978529661783,-0.2222846231854953
0.06498734928341296,0.6558412097973805,0.44248021078694094,0.15901775220684003,0.9542902801794467,-0.09354503455302782,-0.23514408805792492
0.07605550273677998,0.6728263113786446,0.4214238007452213,0.17809072648047888,0.9467319142845356,-0.1022225817645705,-0.24805829837798787
0.08713531664258306,0.6898050944561582,0.3994209776230879,0.1967775416374961,0.9384737481209199,-0.11166561343140463,-0.26091457217251607
0.0982272388927962,0.7067742137559759,0.3764764771441352,0.21510817573170346,0.9295201945524842,-0.12185263367166904,-0.27362861019961365
0.10933572045573765,0.7237257547210469,0.352610562944432,0.23319213380215098,0.9198485956716219,-0.13269977092341528,-0.28616561738025403
0.12180996564528997,0.7413660856389456,0.33258507343223664,0.25975219474524486,0.9073008310045709,-0.1398368240735372,-0.29963254498881514
0.13233085045582185,0.762327043575101,0.3260574675744148,0.2899292488892717,0.8941449411076172,-0.1468265284046945,-0.30803867531007884
0.14234731438634757,0.7837668324312059,0.3210824385293285,0.3201685792254091,0.879937243003094,-0.15480056749534415,-0.3150227191108929
0.15210525815735576,0.8054023301241855,0.3162699574275655,0.3500173386463427,0.8646354672006522,-0.16380149824751122,-0.3210333949568422
0.16169734507093195,0.8271478006487695,0.31115268078635516,0.37931684812945793,0.8482835857956892,-0.17381344752510827,-0.32607142201392336
0.1708705565694004,0.8490781538098294,0.3064978294243906,0.40831364895544836,0.8311474147365511,-0.18505438704761673,-0.3289814780316203
0.17954805835633453,0.8711660792590782,0.30243222851180146,0.43695573542880306,0.8132079296373096,-0.19735001954696543,-0.3298719724918911
0.18765490998310055,0.8933929932321791,0.29908361493804464,0.4651801530235396,0.7946968236227561,-0.2104388232487502,-0.3282984700338761
0.1951214054725683,0.9157267746582838,0.2965713125094141,0.4929374473896971,0.7757438845212956,-0.2238977864879771,-0.32419728529790154
0.2019094023978077,0.9381325734618815,0.29495857553492727,0.5202130240396248,0.756357025565571,-0.23715296107123654,-0.3179008218805035
0.20850541499877104,0.9605470054837836,0.2928913337086628,0.5469684403102008,0.7362355538704044,-0.2499447670194303,-0.31033908545552513
0.21482042978516666,0.9829625586496546,0.29061141042499317,0.5732413223848077,0.7153358305365544,-0.2621979533757848,-0.30156470136050195
0.22095933101133816,1.0053695995882865,0.28783283294517514,0.5990181577650909,0.6935978515032462,-0.2737521954333337,-0.29182015446714993
0.22602575515779597,1.0277055260848975,0.2871362262672395,0.624371085166584,0.6708004768401149,-0.2844756897288569,-0.28153339097214003
0.2307029034837118,1.0499959461564419,0.28659243633989956,0.6490350163993052,0.647023045978482,-0.2946504545897852,-0.270732035544961
0.23531824488215536,1.0722738033221182,0.2848819649821813,0.6731236416753292,0.6223455799833887,-0.30349882841162035,-0.25976720971989675
0.23941211367366894,1.0943096194207376,0.2843839913995821,0.6977783000160317,0.5955537169241474,-0.3088233027602846,-0.25109635990353113
0.24276615957390346,1.1159854501033377,0.2870921220540097,0.7209465202863347,0.5680023126138198,-0.314387379408483,-0.2424253770153806
0.2442044813010174,1.1349924117955725,0.2984667267543769,0.7348121110378081,0.5496881889100231,-0.32178680521772185,-0.23312509181286223
0.2453144936396378,1.1535218870234092,0.3105263316668267,0.7467201656024183,0.5329991331829429,-0.3291229316386773,-0.22360459337521602
0.24635827877296987,1.171954539435648,0.3219458760467966,0.7580727432242295,0.516475678332572,-0.3359917017859032,-0.21374790291934712
0.2472295367646133,1.19011240657197,0.33333201603747714,0.7684343998152612,0.5007592683626523,-0.3423328248510269,-0.2038552559022742
0.24803264063747057,1.208156391763254,0.3441293139820641,0.7783037097381639,0.48525869394034443,-0.3481516410926956,-0.19379827183850393
0.24867491770874148,1.2258662136235354,0.3550503194397846,0.7872629769709043,0.47069197775226157,-0.353253222380567,-0.18406039239424712
0.24927278721979904,1.2434745176107276,0.3653242180762658,0.7958535001861266,0.4562781028728321,-0.3578423614817611,-0.17428810461251032
0.24983336526021058,1.2609910586925603,0.3749190760720489,0.8041044955193948,0.4419547984064654,-0.36198234660994766,-0.16450135924593512
0.2503419046649482,1.2783761527058006,0.38396870572425357,0.8119390067996592,0.42778878249971813,-0.36576959768240797,-0.15480441923874683
0.2508104822811956,1.2956599673716265,0.39237688484462274,0.8194276448758708,0.41368584237612716,-0.36922974882975385,-0.14516112155070807
0.25123751789953014,1.3128393028650545,0.4001583886044743,0.8265782615760492,0.39962191698673244,-0.37240504580903655,-0.13559197177465862
0.25162010833725135,1.3299100407788416,0.40733274268193187,0.8333995451834372,0.3855738029904204,-0.3753308625888592,-0.12611417098745206
0.25195471602001746,1.3468686374015997,0.41391939324939314,0.8399034462851656,0.37151622406722673,-0.37803384682267543,-0.11674033934157986
0.2522374479204586,1.3637124736662947,0.41993672638768115,0.8461045977411592,0.35742143992301834,-0.38053265375449435,-0.10747940914982122
0.25245764108289964,1.3804285911412784,0.42544582904247763,0.8520004922043317,0.34327199826393456,-0.3828650462269817,-0.09835574649748909
0.25261683313595573,1.3970281036837942,0.4304202301719938,0.8576238408089829,0.3290314269828221,-0.38501298586381083,-0.08935697202756286
0.25271226118885465,1.4135141718804782,0.43486640473596305,0.862992321659903,0.31466778627098807,-0.386976296947407,-0.08048467332507354
0.2527318773764536,1.4298766648095282,0.4388534342497302,0.86810456607052,0.3001542192431249,-0.3887828986265327,-0.07176186155348016
0.25268240028663025,1.446135912210957,0.44232836089586897,0.8729823189591605,0.2854690906041429,-0.3904080399484724,-0.06317302777236294
0.25253006862402944,1.4622551044851406,0.4455633719531541,0.8776160288484666,0.27063366434746294,-0.39184577049711167,-0.054812569485863064
0.25231109935042173,1.4782907018957216,0.4483343589924868,0.8820060241758836,0.2556512127602002,-0.39310878334123805,-0.046618828724735314
0.25203970310782686,1.4942830530615505,0.4505049369655163,0.8861014221396559,0.24058341495040267,-0.3942793325762565,-0.03857068882076887
0.2517122402100471,1.510240076777413,0.4520920021415087,0.8899041964356638,0.22542393831655383,-0.3953655906746557,-0.03066951109059495
0.2513266922103674,1.5261699368601946,0.4531059606392195,0.89341485750332,0.21016264809973723,-0.3963793472203452,-0.02291215470458775
0.25088202537657733,1.5420805746905029,0.453552696361862,0.8966333781751524,0.1947864723679598,-0.3973323517541551,-0.01529109460365793
0.2503778849115366,1.5579795339629199,0.4534346162278257,0.8995593837092406,0.17928053463771843,-0.39823442746735654,-0.0077939630751779785
0.249807389982956,1.573873911151846,0.4528130807912277,0.9021841570191392,0.16366550451695705,-0.3990954385965916,-0.00042467196098645464
0.24917415562413958,1.5897685699888409,0.4516671734765709,0.9045123954461382,0.14791843898209103,-0.39991309100194083,0.006854308037204291
0.24848103699033317,1.60566873445019,0.4499806536461036,0.90654523649385,0.13202303847118077,-0.40068349472072046,0.014085047445501264
0.24773050894877996,1.6215794087286333,0.44773901601794736,0.9082811231570859,0.11596261219823348,-0.4014029247514799,0.021301781372161148
0.24689789551855731,1.637510486422825,0.44511524340632336,0.9097016286018571,0.09971660500019265,-0.40210090771317414,0.028537792882607788
0.2460291046617916,1.6534575803625766,0.44182211165774554,0.910843038126179,0.08336648337365779,-0.4026611045235075,0.03576344853192354
0.2449194457423896,1.6691488496139355,0.4402726992825261,0.9115767741063391,0.0674730422194825,-0.40328948647698115,0.04281078813413717
0.24367433345151765,1.684496427164849,0.4402314305653891,0.9119747315772258,0.052072454611620814,-0.40389038216798356,0.04962970509254225
0.2423468695651265,1.6994056790400163,0.4421029904008853,0.9120796782231407,0.0370136125821324,-0.4044409128496232,0.05628677526168998
0.24098710689052807,1.7141633441406785,0.44423920644063464,0.9119262747138409,0.022078202690919042,-0.4049090689291574,0.06286229673980034
0.23961058797660129,1.7288502749033015,0.4461296583925933,0.9115277671811807,0.007194620224820229,-0.4052791105518241,0.06938450581966366
0.23822029234816955,1.7434839954125483,0.4477474860888624,0.9108889067623703,-0.007621259511682686,-0.40554923876429116,0.07584939603199368
0.23681435612854695,1.7581044259398184,0.4489254421328114,0.9100103866934104,-0.02230323215187933,-0.4057379593658679,0.08222147088999837
0.23539369362800666,1.7727063048735467,0.44964984580554745,0.9088954776838192,-0.03692224325488102,-0.40584030369516116,0.08854042294654814
0.23395851096222198,1.7872924756693669,0.44991485035352596,0.9075424670456649,-0.051519610277854205,-0.4058569923240099,0.09482880388995804
0.23251052354967378,1.8018973320295308,0.4494984186850232,0.9059572576850848,-0.06604345542339658,-0.4057932239556594,0.1010523064315501
0.2310468605596792,1.8165150396234973,0.44845378335421304,0.9041342987934775,-0.0805434296949406,-0.40565192129046734,0.10724012510045261
0.22956507080684,1.8311443677155952,0.44681979801665866,0.9020670623311315,-0.09506301782440446,-0.4054317761002559,0.11341566306113396
0.22806311396118278,1.8457882637708576,0.4446236197900048,0.8997477532794311,-0.10963699501261484,-0.40513017720364647,0.11959619271601989
0.22653445973787992,1.8604361554231545,0.4421948998619615,0.8971390286855304,-0.1244527680292472,-0.4047286561490801,0.1258879924012084
0.22495412297926223,1.8751215044642784,0.4396928516910302,0.894225652261814,-0.13938963073635394,-0.404289584580102,0.1322155266228981
0.22333096876490646,1.8898512221361692,0.4369456968886574,0.8910168663454177,-0.154450481950486,-0.40377246412285994,0.13857052258476282
0.22167215962133316,1.9046277575544852,0.43384219179599787,0.8875070687373594,-0.1696445403067566,-0.40316292618304,0.14495374378353765
0.21998286039196221,1.9194521529833841,0.43030699107461884,0.8836864678080834,-0.18498352251047143,-0.402451078333534,0.15136859833093558
0.21826695634632529,1.934324757943304,0.4262860516787937,0.8795427760774732,-0.20048044414809593,-0.4016280785953047,0.15781946346367862
0.21652762461270428,1.9492452592191227,0.42173754955884035,0.8750618156438817,-0.2161487281393443,-0.40068502448869747,0.16431085562516706
0.2147657606473655,1.9642169242121252,0.4166503030745705,0.8702260833017447,-0.23200084616342595,-0.39961654768921384,0.1708472596611346
0.21298455550786888,1.9792364420093775,0.41098531671769895,0.8650202380853201,-0.24804816448593361,-0.3984097669168623,0.1774309821401895
0.21118718341631368,1.9942995787409505,0.4047079717724641,0.8594270036608747,-0.26430036245597593,-0.3970530149827139,0.18406370385622695
0.20937686976874043,2.009400863010336,0.39778601041161554,0.8534280567485081,-0.28076519263730754,-0.3955344010578575,0.1907458941566193
0.20755698178850032,2.024533317706671,0.3901884400187831,0.8470044257106863,-0.297448306199621,-0.3938414548118192,0.1974763693133994
0.20480711844934255,2.0397954880349194,0.3852405595105797,0.8391856165110323,-0.31479957012111126,-0.3939395074578633,0.20366736644937508
0.20123512712439776,2.0550512105384047,0.3822114151998637,0.8302485042608418,-0.3325384184860398,-0.39533760681865604,0.2093174575575151
0.19735517417733817,2.0702949730387923,0.37925790672365034,0.8206038650041751,-0.3503510631676652,-0.3971828649280859,0.21473053132943215
0.19346982569261517,2.0855383441861304,0.3753043993283494,0.8106516792843276,-0.36794710522290497,-0.39867411059408114,0.22026741968255137
0.18954257784771472,2.100774533782206,0.37052082669397357,0.8002762352512172,-0.3854536828718626,-0.39998659220852395,0.22581880281782307
0.18547837397864822,2.116005275188833,0.3652247606760413,0.789267752443371,-0.4029318753442111,-0.40157300388068223,0.23117404988198653
0.1813006708602965,2.131224978086293,0.35933213797215585,0.7776597458855545,-0.4204053215446596,-0.40327705243104045,0.23637323077853956
0.1770272374307413,2.1464302649688443,0.3527828912760835,0.7654695763871794,-0.4378812298443305,-0.4049948499741459,0.24144466792636873
0.17401922342444595,2.161012748373507,0.348616328285609,0.7628363299323557,-0.45080739997694724,-0.38950333040752066,0.251277888925419
0.1719734849764671,2.1753231978482184,0.3458280754424243,0.7607794050634802,-0.4630549156992823,-0.3723305227172239,0.26108394000993845
0.1707393249489687,2.189518154049944,0.3442790452240358,0.7550896203120526,-0.47595070098133463,-0.3611121997309268,0.27001587867730015
0.16979310337240125,2.203660602541813,0.34259763255872366,0.7479848891750202,-0.4892142935111602,-0.35174669413988613,0.2783203976568684
0.16922200892150818,2.2177189829130155,0.3411159782382667,0.7398375309336603,-0.5026718928567236,-0.34331742387291925,0.28652145193526607
0.1689343690943449,2.2316826558647307,0.33947963920251634,0.7332453131288348,-0.5149171605526596,-0.330957557851751,0.296105932807493
0.16868552476564272,2.2456280184003585,0.33697921093301714,0.726738082576477,-0.5270648212093597,-0.3176065480332473,0.3052548348888565
0.1684680864197396,2.259554229453204,0.3335966326840922,0.7202287463957946,-0.5391357561933225,-0.30339576065637813,0.31393343510168115
0.16836831497792404,2.2734230259780452,0.32957890490918595,0.7138242388495013,-0.5508286161576973,-0.2878776226199268,0.32275263910219637
0.16902852240242366,2.287096899693811,0.32665753496281874,0.7073783490664373,-0.5616936548356456,-0.2713067040955234,0.332428611437475
0.17082477648683211,2.300388179880511,0.32680302228249136,0.6986578665398079,-0.5740211577320561,-0.2597558256785376,0.33897464067989314
0.1728655468656073,2.3135350491750235,0.3271748366932868,0.6892292660040096,-0.586741618332551,-0.24893289760141557,0.34457177001583256
0.17513973103383246,2.326503629459119,0.3279201434945748,0.6794452996682747,-0.5991061979198374,-0.23797195748714486,0.3504214545693069
0.1775467465611912,2.3393889492047752,0.32850419157291616,0.6693738370961378,-0.6112827938435935,-0.22684227222799258,0.3561103700995137
0.18000819802373788,2.3522680686633373,0.3286944121789584,0.6590222781741762,-0.6234324680229643,-0.21572768867725295,0.3612245271612822
0.1825065979717957,2.3651261104798977,0.3285619761707689,0.648394644030898,-0.6354519922259911,-0.204437211997628,0.3660472339995324
0.18513173986509007,2.3779059001773653,0.3289030029680812,0.637555829422586,-0.6468483066720319,-0.19306760929708322,0.3712610008674755
0.18778312032716382,2.3906567852536544,0.32965612251284393,0.6265110138238592,-0.6578217478651511,-0.18201098968620982,0.37633296059007537
0.19041819645421845,2.4033442297902234,0.3307812801253898,0.6153055875389543,-0.6682925313039785,-0.17130473854144104,0.38136440984958087
0.19298782593086294,2.4159654198768816,0.33212337106799605,0.6038985854526819,-0.6784348704064118,-0.16092483635698798,0.3861810743011227
0.19548368859868825,2.428528464100862,0.33351052084934646,0.5923086892846297,-0.688253815741882,-0.15080711663843147,0.39081237862415974
0.19789418785532475,2.4410451934160977,0.33482353506364165,0.5805304223579423,-0.697813793312297,-0.1409172048635411,0.39519954447527694
0.20017291969137765,2.453493001989652,0.3362620308684006,0.5685549198055361,-0.7071216008167209,-0.13135821310044984,0.3993361549802159
0.20226042570789465,2.4658026829460282,0.33821452185346035,0.556412640050939,-0.71611320610167,-0.12232768582006097,0.4032651575827591
0.20409963954371302,2.478021197255219,0.3403885752290219,0.5441305317454372,-0.7250393601831715,-0.1139798450883077,0.40650766969549096
0.2056364164437162,2.4901324115992023,0.3428217765987242,0.5317818788432971,-0.7339163040690825,-0.1064463482951149,0.40895484700650536
0.2069666385454104,2.5021806726997946,0.3450608386581491,0.5193428624501543,-0.742740135906799,-0.09940904610150744,0.4107772185606528
0.20810093085643575,2.5141797492860425,0.34701332107438504,0.5068240684176228,-0.7515912867770296,-0.09294552444392873,0.41182645713857297
0.2089351672742767,2.5260894535773475,0.34901016564208076,0.49434175172718336,-0.7604751961247317,-0.08729757375034781,0.4119257726771435
0.20948364825553736,2.537900918926537,0.3509901430774446,0.4819366692210661,-0.7692834190761592,-0.08239352355989149,0.411280166395115
0.20969671989273156,2.549196871525048,0.35414848718021025,0.4702301730382474,-0.7765290660795239,-0.07835013786553022,0.4120041866225919
0.2097875605286185,2.560148919475492,0.35763764565905243,0.45886300421201404,-0.7831693472794399,-0.07462773350570727,0.41294214878022695
0.21015941426623244,2.5709067811108577,0.36128210772708225,0.4486946345743621,-0.7877572401582025,-0.07094070773079512,0.4160277292070497
0.21070426433348372,2.5815595196233154,0.3645787303319616,0.4391622103409191,-0.7912948774784843,-0.06717121733165826,0.4200916536268964
0.21137024316329592,2.5921582364270237,0.3672929205262899,0.4301137074208562,-0.7939459079804282,-0.06322991987116844,0.4250341999450321
0.2121307084668146,2.602715487248293,0.3693284978980195,0.4214108379873019,-0.7959270545430778,-0.05910279142840187,0.4306040983532319
0.2130102299460627,2.6132122939519373,0.3707659259798794,0.4130801379195996,-0.7972635107026484,-0.05478915868045589,0.43673085790851646
0.2141386044949229,2.6234861500191684,0.3721900568701035,0.40528680953548096,-0.7985495962728323,-0.05036621809301651,0.442181397600648
0.21546075662317205,2.6332394364842986,0.3743441549725406,0.397982854076104,-0.8007791623089134,-0.04578187558583886,0.44527115440046694
0.2168398047788545,2.6426172338507015,0.37672115475193774,0.39089448232264545,-0.8032392487144739,-0.04116532894711356,0.44756410569548905
0.21823767682889042,2.65168893848227,0.3791080364254751,0.3839135622314226,-0.8057205376097205,-0.03658019051743159,0.44954052283459306
0.21964204065170037,2.660485944430527,0.3814185047881598,0.3769881917480793,-0.8081571917931725,-0.03203664260063837,0.45137070149310127
0.22104872855665886,2.6690236403421395,0.38362037812364524,0.3700875490177149,-0.8105294172720027,-0.02752191637565337,0.4531222946598284
0.2224569095457874,2.677311762287693,0.38570383278131265,0.36318907620638646,-0.8128332753692914,-0.023019338225169925,0.4548250998399989
0.22386745689131565,2.6853593427325504,0.38766739953331525,0.35627558999861436,-0.8150700223050558,-0.018515200816322522,0.45649288061208
0.22528228553544635,2.69317739590859,0.3895117471008201,0.3493362620742254,-0.8172411253132782,-0.014001784523956555,0.4581321524700572
0.22671099509160303,2.7007836462724946,0.3912220871477316,0.3423801444143371,-0.8193182541979327,-0.009482637230095996,0.4597863793546304
0.22815935990181482,2.7081943418276233,0.39280392135125675,0.3354142757848365,-0.821311023212238,-0.004961571199456377,0.4614334725191065
0.2296317244768062,2.7154301154221305,0.39425833496424767,0.3284544121721538,-0.8232152751282267,-0.00045070437651874464,0.46307030436616836
0.23116797004542916,2.7225158724385143,0.3955423455385446,0.32157055364717396,-0.8249059341044584,0.004024135882230325,0.4648724397474111
0.2327812444192766,2.7294622912282462,0.3966676239017838,0.3147637309066986,-0.8264362537148174,0.008475337925602901,0.46674948409030725
0.23439119628739066,2.7362351500819853,0.3979413814628476,0.30803486841685973,-0.8280169493148267,0.012843353802753697,0.4683348158634811
0.2359843452309874,2.7428779798201557,0.3991987152465652,0.301379707377402,-0.8295346168392966,0.017135361085820526,0.46983930321638623
0.23756152753588658,2.749412058634316,0.4003780601219322,0.2947913424520888,-0.8309759504322082,0.021365325901167607,0.4712966762748581
0.2391252295645391,2.755851204713762,0.40145818498399705,0.28826279886880274,-0.832341485191617,0.025544298782287582,0.47271524157474204
0.24074080913347976,2.7622156687923627,0.4022328838182431,0.281809138728728,-0.8334796977643159,0.02970049592675629,0.47435543981848666
0.2424324063065593,2.7684997676002934,0.40278882530039056,0.27541877282257987,-0.8344620630834949,0.03385004960538418,0.4761005555479457
0.24391826486662066,2.7746998621146677,0.4034488612565662,0.2691431643583996,-0.8359077040160713,0.03770564142854278,0.4768632425027093
0.24516912797545196,2.7808250366789227,0.4041670463453927,0.26298502949320873,-0.8375504882119569,0.04131859113462141,0.4771172057105325
0.2462030653058538,2.786887815646122,0.40480952887077776,0.25691299287951025,-0.839325618900844,0.04476003177648017,0.4769955545933149
0.24704339298268835,2.7928626658386455,0.40535613754920496,0.2509842717929267,-0.8410453171022754,0.048023455433983495,0.4768054295214089
0.24767432457618102,2.798739603184311,0.4058768419367944,0.24518097228578314,-0.842817858253707,0.05114578110363022,0.47637008482160137
0.24812748476544116,2.8045304099063566,0.4062363479563015,0.23948166999494866,-0.8446163284978551,0.05415168662175439,0.4757513869735546
0.24865071525233848,2.810168298097945,0.4066452083255211,0.23385333018530002,-0.84578215291844,0.057233867878542774,0.4761191595951195
0.24929982329506087,2.815689502822947,0.4070156162204632,0.2282934723849418,-0.8467147013851855,0.06036586275262534,0.4767727630001118
0.2498284787491339,2.8211402159033634,0.4072398553692252,0.22277081188512657,-0.8480570714899102,0.06342553134483647,0.47660210956481464
0.2501971812240564,2.8265370585647687,0.40731605297154994,0.21731558489751504,-0.8495472295446467,0.06637825328442622,0.47606445868661773
0.25039363225131417,2.83188470930492,0.40725310486550453,0.21192107022855033,-0.8511268523801981,0.06924258706722806,0.4752662467362974
0.25068509237842307,2.8371330283327003,0.4072887931810063,0.20657161402283208,-0.8521581962339485,0.07218332785722983,0.47533582239377753
0.25110728646242203,2.842300444252586,0.40738510416498264,0.2012607635343643,-0.8530146583812842,0.0751551445309088,0.47561728511353724
0.2514030468943085,2.8474345750699532,0.4073581421336518,0.19597099835757015,-0.8542537339383798,0.07803298511715936,0.4751386945816834
0.251536065531568,2.852544775898044,0.4072015392062004,0.19072197558488058,-0.8556435269829307,0.08082778793647943,0.4743059681877454
0.2517531604175774,2.8575939121870917,0.40713384439290423,0.1854959534801418,-0.8565710163009232,0.08369376126468092,0.4742074436373551
0.2520911997105765,2.862600967710636,0.407062964152889,0.18026296873217976,-0.8573347119488481,0.08659853515317653,0.4743238845986769
0.2523092057524602,2.8676064916509802,0.40682951008033075,0.17501774208705428,-0.8584720632543961,0.08942902095481571,0.4737055591583879
0.25236874624809325,2.872617279898297,0.4064443685229374,0.169779533572277,-0.8597668020064715,0.09220971777381577,0.47272965222802177
0.25250319004616034,2.8775978742326824,0.406255763775672,0.16454610746008355,-0.8606321646503543,0.0950631850124378,0.47244031003321413
0.2527430905049075,2.882563522233584,0.40611407750172857,0.15927813518181824,-0.8613613998011852,0.09795459940285385,0.47232606432567376
0.25285744569724355,2.8875406788779405,0.40593021943849306,0.15400262333476555,-0.8624129360191464,0.10077504989782696,0.4715628368637055
0.25281866979903544,2.8925327495444675,0.4056684324797595,0.14872746848211965,-0.8635888929251339,0.10356554039802145,0.4704981859447672
0.2526991903896883,2.8975245474480347,0.40580432466790867,0.1434486949640173,-0.8646176201259057,0.10639058963814924,0.46961674301220513
0.2524994267601153,2.902525614763404,0.405548469344404,0.13817519613145307,-0.8657591808678031,0.10915132392123778,0.46845986423961167
0.2524301417210411,2.907517249233466,0.40517295940981146,0.1328592811250244,-0.8664423229200375,0.11198375125926147,0.46806596963011987
0.25228681844659034,2.9125292543674655,0.40455738084042625,0.127506889236567,-0.8674442567813704,0.11477024290308893,0.4670227466817919
0.2518820426040755,2.9175499126783815,0.40450365537758814,0.12220469515102632,-0.8686752530363409,0.117499413812763,0.46547094968317887
0.2515291534039541,2.922552367510486,0.4045711093484576,0.11691197380896821,-0.8695623589281786,0.12026226058493475,0.46446731100731237
0.25106975498487755,2.9275534421405243,0.40455446864582245,0.11163361204143145,-0.8706660098325323,0.12296379706987094,0.4629887046084917
0.2504584008027539,2.9325426182054333,0.40459186265961133,0.10640884542882634,-0.8718634071598776,0.12560965901649154,0.4612521766147495
0.24978661002281424,2.937510168946275,0.40474269711351124,0.10120725340111797,-0.8729385952075621,0.12826380722301167,0.45965606339165976
0.24911904546247265,2.942434543509713,0.4049334770488168,0.0960802644061584,-0.8739074164836911,0.1308654728424989,0.4581797007988919
0.24846087869706854,2.9473190464622245,0.4051126111382844,0.09098776341861615,-0.8748288853010149,0.13344176571685246,0.4567153856762875
0.24781077250424624,2.9521710083601844,0.4052559487164061,0.08591397418999694,-0.8757131096188506,0.13600348496066242,0.4552454181637944
0.24716682566574327,2.9569985419037117,0.40535248818827685,0.08084891329903736,-0.8765631776922628,0.1385568579735612,0.45376474724344923
0.2465271463281795,2.9618096067039095,0.4053969115651942,0.07578322877784748,-0.8773812978410095,0.14110724520870593,0.45226950569815133
0.24588986580222233,2.966612111330734,0.4053865425653672,0.07070776082901911,-0.8781693508928807,0.1436595401232068,0.4507559652877833
0.24532082525596666,2.971408896812669,0.4050451290179041,0.06559934282847495,-0.8787796007810758,0.14621926058603352,0.44951425706556697
0.24477855363766352,2.9762109978200173,0.40475930119291337,0.06045592487970046,-0.879431395618293,0.14879037803286208,0.4481148568756107
0.24432821409734856,2.981014127384768,0.4041293301446415,0.0552757924304411,-0.8798625115459574,0.15136886781847364,0.4470727160122721
0.24391102002531423,2.9858426689181443,0.4036383042912033,0.050031710757101104,-0.8803844391996813,0.15397525143289958,0.44577089303807776
0.243504276193253,2.9907034137278656,0.4031857761685944,0.04473605010373481,-0.8808904626816866,0.15661303029579463,0.444413138103655
0.2431030262241012,2.995602412468748,0.40271993956425134,0.03937976587009299,-0.8813676635195015,0.1592827690442619,0.4430228834132538
0.24270236874763043,3.000545226692971,0.4022398977233249,0.03395912360422993,-0.8818185905846956,0.16198267644160586,0.4415929842695392
0.24229993522055882,3.0055378789199594,0.4017169567736464,0.028462712544333486,-0.8822409551919441,0.1647172488567807,0.44012384496376444
0.24197065415765498,3.0105590782905187,0.40083405289611174,0.02289539989883529,-0.8824583834514645,0.16746596677139905,0.438973976578374
0.24165615308122704,3.015656006145972,0.4000350323278741,0.017200034895130032,-0.882750745388318,0.17026746440853294,0.4375663045526632
0.2411859191724613,3.0208278953436296,0.3994135871654085,0.011476481345323624,-0.8832644550963484,0.17307869853172544,0.4356098677186446
0.24059205148754606,3.0260352955813565,0.39865399219039904,0.005796208603621207,-0.8838245328885601,0.17585364720451105,0.43346983031697056
0.24008600857867643,3.031275391987674,0.3979033978891044,1.6207635211016313e-5,-0.8840314703546018,0.17867892546220046,0.4319284671744581
0.2395601504732031,3.036559528511396,0.3970789508354486,-0.005815909632174515,-0.8843257546330243,0.1815117386917947,0.43010187584451964
0.23898265468507465,3.041890234481501,0.3964194060438451,-0.011679970397880459,-0.8846302221407519,0.18437105143129429,0.4281358006063474
0.23835797313053714,3.0472652228897847,0.39580033579846724,-0.017590800513597748,-0.88491807185828,0.18725702995270996,0.42608141777037817
0.23768649555990193,3.0526886775761906,0.39515922429203915,-0.023565479622737508,-0.8851893002477117,0.19017436328797194,0.42393193138184637
0.2369674681416752,3.058167004193917,0.3944621211215269,-0.029616419017245838,-0.8854425980598838,0.19312730890447374,0.42168248223145954
0.23618780211701657,3.0637084397388223,0.3937228018456844,-0.03574957635106619,-0.8856941315006431,0.19612039539927065,0.4192906673472305
0.23534527606443595,3.0693190993306234,0.39291016394299044,-0.041975131982031046,-0.8859334216396996,0.1991589626226195,0.4167682429407968
0.23443826622010105,3.0750060282257343,0.39200559807932894,-0.04830478019234761,-0.8861570430407639,0.20224786887895288,0.41411126863894004
0.23349342312748633,3.0807655248873345,0.39097033661116903,-0.05471977403102363,-0.8863165244497254,0.20536367234096958,0.41142985659769005
0.2325125126157053,3.086603861623029,0.3898128567958023,-0.06124734974154417,-0.8864346907906386,0.20851990693353717,0.40865847541068184
0.23139115462986481,3.0925449175123143,0.388922322090513,-0.0678558011545992,-0.8866459469020714,0.21173895581279747,0.40548880340043253
0.23013041395559058,3.098576296876038,0.3882189427372704,-0.07452967718784363,-0.8868730295488494,0.21501207379258652,0.4020837783354914
0.22881936153759333,3.104675858446997,0.38730327189980424,-0.08130687531972373,-0.8869945969519911,0.21831697355630414,0.39870725609266916
0.2274978194656681,3.1108424656552836,0.38617604254876403,-0.08818012326883912,-0.8870044744828915,0.22162559997360187,0.3953851559479369
0.2261715453871993,3.1170849081015346,0.3848724754464593,-0.09518228726486924,-0.8869389939058266,0.22495582481047277,0.3920133035551212
0.2248719102193424,3.1233893968323656,0.38326599815437534,-0.10227939599637814,-0.8867490013994804,0.22827242231790235,0.3887246260282071
0.2235357472641198,3.129792665591332,0.3817458236459705,-0.10949849058408818,-0.8865699336491776,0.23164927695476556,0.3851524968054156
0.22215087088176497,3.136292637977869,0.3802070928136149,-0.11684364523112782,-0.8863447510617529,0.23508705617581907,0.3814113538595587
0.2207141459101798,3.1428913206660076,0.3785879704029714,-0.12432895971701947,-0.8860611614753772,0.2385845417295447,0.3775120453022722
0.2192233256092782,3.1495931065579885,0.37684938920305266,-0.13196900698700628,-0.8857130553322387,0.24214263375281397,0.3734481352586424
0.21767602325094576,3.15640353474449,0.37496415971691616,-0.139778644534605,-0.885294871403278,0.24576376457032914,0.3692087393648128
0.21606966801742727,3.163328538871501,0.37291095115407535,-0.14777338440367632,-0.8848006224892728,0.24945099761823245,0.3647808727054634
0.21462847246052325,3.170288515395481,0.37047500050227183,-0.15632712586575365,-0.8833525982243243,0.2528455999292754,0.362379800106608
0.21319785834305405,3.1774066199648474,0.36793065603662983,-0.16519426859017283,-0.8824889618139645,0.25619871012911394,0.3581707788606704
0.2116344492545726,3.184716842136555,0.36555600737379096,-0.17421036925263927,-0.881708786312813,0.2597080935245544,0.3532592101297556
0.2099663420660433,3.1921670864977885,0.36306369394555865,-0.1833189250104938,-0.8808501289779287,0.2632894194703812,0.3481032944508357
0.20819330155804905,3.1997452830317,0.3603981296168256,-0.19257247670845667,-0.8798988896164798,0.266952560561283,0.3426807780950709
0.20631616981420123,3.2074480315885427,0.3575281932848237,-0.20199852316089095,-0.878841566676404,0.2706919154847975,0.3369866231970732
0.20433499050533147,3.215272678759361,0.3544184983500565,-0.2116324568280764,-0.8776700806218213,0.27450252482569665,0.33099138457447524
0.20224941666381538,3.2232179696134606,0.35103751289148055,-0.2215057112794778,-0.8763744115646805,0.2783754970448064,0.32466935991913687
0.20026981031836708,3.2312467984530655,0.3471718058272284,-0.23188968685105266,-0.8741571875127231,0.2820060694184446,0.32023266770137393
0.1982881127703744,3.239446631964582,0.34313227647961936,-0.24271675769235934,-0.8722238273812548,0.2855590950446792,0.3142772243115626
0.19622875706548273,3.2477890658722064,0.33880583169836453,-0.2538938748484875,-0.8702429326626018,0.28910820169466045,0.3076224734607457
0.1940759193506062,3.256256588666775,0.3341271606050166,-0.2654251562660345,-0.8681189042955114,0.2926546757455134,0.3004534825729485
0.19182567304937465,3.2648380046587913,0.32904923982800555,-0.2773296381295961,-0.8658059225843856,0.2961801709650106,0.2928236372970221
0.1894714681808579,3.273536429553557,0.3235826137911185,-0.28964829045584956,-0.8632570372760004,0.2996801105163481,0.2847507450216555
0.1870157842611642,3.282365588137383,0.31775548795733793,-0.30235285815485896,-0.860445592668387,0.3030924551401473,0.2763170187669702
0.1843439448143333,3.291492109443395,0.3123090479675066,-0.31575874761390177,-0.8572446295804764,0.306726825203984,0.2671080550283523
0.18280466854354238,3.3005399186500917,0.3092463506372549,-0.3287641403177184,-0.8518089417246368,0.308995560840271,0.2661905524621884
0.1816989102688844,3.309500043189259,0.306426677671455,-0.341758646841542,-0.8454477297059597,0.31016906171381864,0.26872721633593244
0.18079861912594547,3.318403648697321,0.30319771648684724,-0.35461996140456925,-0.8384744792182085,0.31083196399477186,0.27310935691100324
0.18000251063866146,3.3272734190821436,0.2992770561601808,-0.36734343125725977,-0.8310348613808062,0.3112789039221014,0.278469579406792
0.1793930789635513,3.336082528251096,0.29488642236710855,-0.3800951360075237,-0.8230962120440792,0.31131215796635126,0.2848246014733577
0.1794150157809564,3.344834330212879,0.2913369509990276,-0.3942325638396341,-0.815601632112552,0.3114120285960767,0.28704914518155167
0.17991475799327725,3.3536230056704297,0.28829074648196906,-0.40899692229885576,-0.808222770042748,0.31162833097710496,0.28702831718652444
0.18105641930267283,3.3621652283763965,0.286139204838752,-0.42200612340366656,-0.7993947414740593,0.31055238668683927,0.29400016026620157
0.18315979536184937,3.3703785256172245,0.2865385592464367,-0.43446945310464663,-0.7919054198651602,0.3117574370090962,0.29483792289437044
0.18576627972253262,3.3782364961185833,0.2881933333456819,-0.4460093859891152,-0.7845257966824507,0.3128258056801845,0.29620080561999806
0.18857796494760617,3.3859274820252367,0.28983913524264765,-0.45721205819324234,-0.7770747323930063,0.3137371013567982,0.29779359521535237
0.1915489639808922,3.393474504943384,0.2913571907006669,-0.4681959042784817,-0.7696119130949586,0.3146660789889706,0.29912431725437133
0.19464943814835434,3.400879940867344,0.2927696256025614,-0.47901969522031984,-0.7621326366601195,0.31559083319126285,0.3001606265554907
0.19776465939628052,3.4081588519927957,0.2942664260903968,-0.4896726212363367,-0.7547078438419496,0.31673017743862936,0.30053084559605386
0.2009052389258908,3.415366121603243,0.2954882536937908,-0.5002111369511428,-0.7471771008634644,0.3177304191710008,0.3009361712203232
0.2041233927525421,3.4224835214350615,0.2965677177342181,-0.5106046612849676,-0.7395313323987516,0.31845326327037154,0.3016020679422744
0.20727256312406375,3.4295947024726225,0.2973813560288515,-0.5208238185606836,-0.7319179318310186,0.31955461625131026,0.30153530194085837
0.21030760874717785,3.436721868464726,0.29791246099329305,-0.5309077853542078,-0.7242657446351329,0.3208904372206115,0.3010072788136292
0.21326248423712935,3.4438729327757773,0.29793883010944916,-0.5408955419581173,-0.716510220747251,0.32231600680223665,0.3002623986010151
0.2161110802941518,3.4510595695118345,0.29758970140518837,-0.5508099812240668,-0.7086375162103339,0.3238519729457701,0.29926766417763634
0.21912635657139545,3.4581727823240813,0.29730435827822144,-0.5608275880381163,-0.7004285447168773,0.324272548549264,0.2995322762216552
0.22229795883397904,3.465228468753454,0.29673690122677226,-0.5708669972663516,-0.691961537946895,0.3240754128384058,0.30045836355125544
0.225465205730698,3.4723085834668534,0.2958481739432914,-0.5807708863378805,-0.6834852902919498,0.3246724649824164,0.3002346182889272
0.22843023577943505,3.4794848410438686,0.2951927335969545,-0.5905532382766991,-0.6749117247835192,0.32592619774795206,0.2991874832479072
0.23125057922222264,3.4867306862246976,0.2943965716743233,-0.6002510536344119,-0.6661954551246743,0.3273572441816684,0.2978582261140436
0.23426462481185598,3.4939283439684115,0.2935323300201734,-0.6101810799069003,-0.6570769720460737,0.32726199898126895,0.29804108198906215
0.2372487836810372,3.501149931547674,0.29318591493243984,-0.6198390782951116,-0.6479832648647803,0.32790585133420863,0.29731289601066563
0.24013345561492114,3.5083926696608985,0.292968343239629,-0.6292941881350396,-0.638849352380263,0.3287546324441943,0.2962781149347304
0.2429216370995583,3.515659140171039,0.292698550569708,-0.6386093269674398,-0.6296168996121935,0.3297144365661307,0.29504080658921805
0.24561885603872396,3.5229526380203557,0.2923077082024006,-0.6478102650414982,-0.6202661498292806,0.33074839853352733,0.29362775882117476
0.24828061936845858,3.530256854066518,0.2912676756695518,-0.656842439066814,-0.6108485841991813,0.3317727859894895,0.29214523083459937
0.2508823307429268,3.5375714078316,0.2897213169569875,-0.6656932451689477,-0.6013806618161373,0.3328611722635602,0.2905120357736719
0.25306899677672656,3.544972382219262,0.2895805065883059,-0.6743473744504224,-0.5918276599150852,0.3346217249158256,0.28813875259261523
0.2543744564762576,3.552100710868292,0.2914511500199214,-0.6802998836523803,-0.584850080328179,0.3388354301403191,0.28343077307222714
0.25527169192104265,3.55904513585207,0.29373580897626944,-0.6849773561540244,-0.5791639416368038,0.3436314824774309,0.2780153853914231
0.25595885698504794,3.565592715212349,0.296625344214967,-0.6901092301814167,-0.5739004629454187,0.3456379866834505,0.273718635118021
0.25656048671979736,3.571878418658265,0.2994941962734186,-0.694912582782509,-0.5688594421771548,0.3473804130719343,0.2698560467182945
0.25704940590170183,3.57802310763057,0.30197812996639356,-0.6988491629754244,-0.5641091343566486,0.3502901856432459,0.26587124287138836
0.25738353961166355,3.583998543108736,0.3042332422041145,-0.7022799018700683,-0.5597021850036507,0.35344074291783856,0.2619466449054236
0.25756362623811035,3.589812380158287,0.3062326947630469,-0.7052598633079097,-0.5556235804098842,0.35679097421331235,0.2580526357535226
0.2575860474258486,3.5954648181884417,0.3079784995555868,-0.7078211565505675,-0.551871632096721,0.36032050956115413,0.25415751497039
0.25754862835249914,3.6007851864377587,0.3099232710811713,-0.7110176773146526,-0.5482020335519662,0.3618889134340935,0.2509278926087574
0.2573965819316822,3.6058823574585785,0.31172850168675614,-0.7134258625356193,-0.5448049964337665,0.36440487792030113,0.24783086868672552
0.2572284737185656,3.610517627491639,0.3140436682411762,-0.7151857526790348,-0.5424992525299485,0.36556312892480664,0.2461046503829014
0.257035125716985,3.61492552361722,0.3160954550778353,-0.7162251649103498,-0.5408940085539301,0.3667409591992735,0.24485966083700927
0.25684289685350065,3.6192620934718382,0.3173893017440128,-0.7173290470261801,-0.5394318108249746,0.36743833978564766,0.24380612424257045
0.2566394191774498,3.6235145102985724,0.3179649934328403,-0.717943244807249,-0.5382769202204378,0.3685189590722704,0.2429181574068622
0.2564116676419747,3.627669099355872,0.3178679162505447,-0.7180616097706151,-0.5375057139403914,0.3698995541226998,0.24217648918692924
0.2560754293166818,3.631450523637228,0.3179399680029335,-0.7170541808851408,-0.5379645767862179,0.371392233432275,0.2418578606218282
0.25577841813365937,3.6350401838607787,0.31761702698003985,-0.7170371995825049,-0.5385402051536977,0.37056946179659184,0.24188918089011785
0.255555530237477,3.6384885409878955,0.3167891673805645,-0.7175899152297649,-0.5391939328756903,0.3682808463394169,0.24228874206228193
0.2553803267639921,3.641511032460962,0.3162276303834938,-0.7165529784861336,-0.5406580264658194,0.36735528977898496,0.24349706058215478
0.25525179800107095,3.6444069354143456,0.3150787009827582,-0.7160958466175064,-0.5421882332160801,0.3650186522365676,0.24494905947685944
0.25517111849927576,3.647181395246541,0.3133248334031687,-0.7155443052250446,-0.543845671940413,0.36241658278366096,0.24674369879516436
0.2550866346617999,3.649615084003304,0.3115683262159863,-0.7133135798762682,-0.5463930294917972,0.3614546112518374,0.24897581828699358
0.2548536316421289,3.651549107392919,0.3103544554660615,-0.7100082184121995,-0.5492153501433731,0.36245801051385235,0.2507489173822752
0.2546963944740114,3.65330296904789,0.3087389604435294,-0.7086654275398265,-0.5519905757930356,0.35942564344537903,0.2528100529634051
0.25447658007609836,3.6545304603951925,0.3077385174370004,-0.7059289556577754,-0.5548960939365335,0.3592845031905391,0.2543015537999017
0.2543399887518782,3.6552552808729035,0.30731985551949326,-0.7038892668076491,-0.5576907212982726,0.35773353910385863,0.25602280064683114
0.2542372919217996,3.6559224356750417,0.3061304858668464,-0.7025258695338734,-0.5604541738776616,0.35472460289416674,0.25791273276124843
0.25410147219943374,3.656177644896443,0.30526349606636116,-0.699920596803014,-0.5634109777530688,0.35412354894343956,0.2593756742679694
0.25405393903759255,3.656017024715444,0.3047777861186374,-0.6977656855105725,-0.5663192249277554,0.35239472029411917,0.261196371931223
0.2540301048200943,3.6558163982160425,0.3034629314958117,-0.6960380100695686,-0.5692059999960205,0.3496785518457396,0.263173951002011
0.2539532927867057,3.655235189919728,0.30243134094919016,-0.6931667083768065,-0.5724114106064915,0.34897028457872387,0.2647353997609904
0.25395630348548787,3.65456028877515,0.30082849319242116,-0.6913358570064401,-0.5755155057503617,0.34583762479595176,0.26689505940273217
0.2539128188670604,3.6534861786186767,0.299592537907399,-0.6882300464428801,-0.5790154957946116,0.3448437894942421,0.26863212698822714
0.25395816525779463,3.652328115633827,0.2977865169715111,-0.686134355905838,-0.5823773668375544,0.34141070057943107,0.27109957906812887
0.2539110537942388,3.65086929764455,0.2960693857717149,-0.6824928625453714,-0.5862512419049999,0.3406391244156647,0.2729065057062888
0.25396541624606894,3.6489782809638176,0.29488530092586074,-0.6791670631686197,-0.5902461468793967,0.3384082856558537,0.27535689314128486
0.25406906700045995,3.647041276916183,0.29295077367637634,-0.6763679789639174,-0.5941512279609591,0.3348022172033768,0.2782411736254544
0.2540849996355621,3.644811906644857,0.2911036686892735,-0.6721638314625425,-0.5985914224360758,0.33355160718773647,0.28040580950123906
0.2542369088172645,3.642470568783259,0.2888712015106976,-0.669040710451646,-0.6027784337778731,0.32947746201901207,0.283702819076897
0.25395871705819867,3.63963171135024,0.2888679791859121,-0.6652198932998585,-0.6068081660686238,0.328679454092219,0.2850195775876039
0.2534155159089097,3.636787666793265,0.2896451922728816,-0.6616888763165646,-0.61047117138785,0.3283361905379738,0.2858113466017345
0.252719230822535,3.633997827438419,0.2904892207348179,-0.6582581275230992,-0.6140007934461807,0.3282117504906055,0.28631505380813194
0.25193781339908594,3.631265136829067,0.291077471715165,-0.6549419930840036,-0.6173871709849459,0.32814021088420503,0.28671949497591676
0.2510720589995895,3.628611895747903,0.29151593503741735,-0.6517147614754315,-0.6206597518784276,0.32815865333295224,0.2869864810682739
0.25012627533978804,3.626049524146086,0.2918544566345209,-0.6485632016814452,-0.623830611556637,0.3282752825842591,0.2871175375239685
0.24927736361198372,3.623483778163972,0.29162029404367923,-0.6457537612798286,-0.6267256365291849,0.3270935709679461,0.2884906448075854
0.2484877424477204,3.6210057175342705,0.2916330570981833,-0.6428545946115046,-0.6296593838206644,0.32668973520050765,0.28903433614036
0.24764801237441386,3.6186236751926693,0.2917335384062064,-0.6399604847659781,-0.6325463085996382,0.3266001349986753,0.2892543815293552
0.24700870366235222,3.6162653917362797,0.291970546913428,-0.6373368512887363,-0.6351707976716012,0.325702667915116,0.29030599009936686
0.2463801645566667,3.613974643257775,0.2921745713869025,-0.6346620829257781,-0.6378187246690044,0.325279524325437,0.29083422428000466
0.24569609740944962,3.6117656581620303,0.29235920913641045,-0.6319980607415222,-0.6404283345958568,0.32510780937285605,0.2910926171350492
0.24493671442195145,3.6096392351102944,0.2925128903508631,-0.6293575509820081,-0.6429901963203493,0.3251069079372912,0.29116692612540773
0.24435131774235833,3.607529855779033,0.2927621060035852,-0.6269483317156672,-0.6453179976684779,0.3243375246605042,0.29207129496272327
0.24376447543540256,3.6054770870985497,0.2929546454891421,-0.62449093431033,-0.6476818352691138,0.32399276325589815,0.29248590151401904
0.2431179006755082,3.60349112829232,0.29309554307564145,-0.6220297248227301,-0.65003266602867,0.3238736710587376,0.2926472274387239
0.24239222220068307,3.6015734997104123,0.2931923649448002,-0.6195767437663772,-0.6523590623675095,0.3239129769475078,0.2926306472259146
0.2415567069940682,3.5997652353356253,0.2935022151522665,-0.6172114998542138,-0.6545824592076019,0.3241653472495299,0.2923843295870166
0.24087706735279593,3.597964050468331,0.29378011458682823,-0.6150444411004938,-0.6565899779685264,0.3236371455585492,0.29303401563197945
0.24020725790963623,3.5961644070356606,0.2931466668668741,-0.6128919132870566,-0.6585905199277017,0.32316747123171397,0.2935725042070657
0.23978523532882265,3.594421929449863,0.2934280349288528,-0.6109151017997575,-0.6604180758580975,0.3224973252807504,0.29432325538370185
0.2393037511919832,3.59279470218452,0.29399976748767703,-0.6089798313358334,-0.6622195000610924,0.3223373253786596,0.2944614532205649
0.23876893785571063,3.5912390010448023,0.294245746635566,-0.6071090499038541,-0.6639511069833792,0.3223705540269435,0.2943887819818631
0.23816066169406408,3.589775305866279,0.2942837694642197,-0.6053122560594618,-0.6656055806605634,0.3225785295077823,0.29412476257250786
0.23743186917326273,3.588448365791428,0.2943438582045478,-0.6036332336777838,-0.6671449417157045,0.32309483849616966,0.2935204784678646
0.23695989884119745,3.587123399792855,0.29448373481029155,-0.6023476269881689,-0.6682520856463106,0.3221534221316747,0.29467551459180913
0.2365201026968112,3.585913837191794,0.29465477948567004,-0.6010660396186455,-0.6694581387893416,0.32198240405828665,0.29474183263108844
0.23600435819874327,3.584831390402112,0.2947831524245059,-0.5998338701871793,-0.6706174656706462,0.3222271823175344,0.2943487487479282
0.23538439710632295,3.5838769748151744,0.29484918280992833,-0.5986666728086213,-0.6717044786078924,0.32276561872421833,0.2936556889555278
0.23501409899807035,3.5829203867600863,0.2949595535558068,-0.5978432697126013,-0.6723778584286277,0.3218903857925705,0.2947507758914412
0.23467613402463966,3.582072744496374,0.2950896103250445,-0.597011861868161,-0.6731702098988945,0.3217878692760732,0.29473932971385647
0.2342616353466564,3.581345815209657,0.29517273866530214,-0.596218718843686,-0.6739313234503221,0.32209228777815346,0.2942726095421468
0.2339964523021212,3.58068363053494,0.29541773434495355,-0.5955954730632175,-0.6744635966937734,0.3218409215622372,0.29459007181079605
0.23371178444383592,3.5800810494783426,0.2951573148381589,-0.5950340355066666,-0.6750011575702083,0.3219862798240662,0.29433445172559575
0.23369820886945536,3.5794624944198117,0.2950032277835615,-0.5947645752839243,-0.6751770946167921,0.32081713088732644,0.2957488113609311
0.23366150276475095,3.5789841192593053,0.2951475621883355,-0.5944688637163206,-0.6754903898861976,0.32069034991097345,0.2957654522036273
0.23350550581808374,3.5786326464538014,0.295335500684099,-0.5941972890459251,-0.6757795528456051,0.3210209810150182,0.29529156336482454
0.2332409896652794,3.5783868228561766,0.2953954130157904,-0.5939632133908088,-0.6760230895695649,0.32156859354582873,0.2946084234238077
0.23290627500534594,3.578203695110785,0.29493228324290865,-0.5937809319546973,-0.6762125185228007,0.3223750044750513,0.2936582897345017
0.23288891658979852,3.5779970704926054,0.29478588432128494,-0.5939474520928435,-0.675992134612798,0.3214853695086141,0.2948019933548314
0.2331329341457893,3.5777589312025033,0.29463225221805567,-0.5943000365858631,-0.6756093938989433,0.3198915377151798,0.2966965073737509
0.23332831190005285,3.577659374488698,0.2949551791698062,-0.5945047954638356,-0.6754670202125125,0.31974583580947824,0.2967675070796172
0.23338254556937763,3.5776784715194085,0.2953141406006699,-0.5947118061436644,-0.6753110866302856,0.32013983179901906,0.2962824530802987
0.23330772565437477,3.5777941363858954,0.2955209667770149,-0.5949308071630682,-0.6751358040141036,0.32079826555680496,0.29552910794420195
0.23316597762706248,3.577961140713988,0.29514389102556915,-0.5951898637643597,-0.6749128967307411,0.3216709980208078,0.2945664219340023
0.23285694550000507,3.578258982353416,0.29484971598838067,-0.5954930550346531,-0.6746482581262621,0.3227015311217359,0.29343052163059585
0.23284461681964794,3.5785215335181246,0.2948025644718279,-0.5961408473043038,-0.6740179046998597,0.32202660058099086,0.2943039633399263
0.23302366969124857,3.5787509636863692,0.2944712571174448,-0.5969848000747444,-0.673205211854138,0.32051775516064657,0.2960950182609336
0.23318933873979023,3.5790944832982365,0.29466581491425153,-0.5976577125680519,-0.6726461076015463,0.32055608923573276,0.2959666639848583
0.23324168397735365,3.5795293833083455,0.2948097855326376,-0.5982941109956873,-0.6721006583342103,0.3210684680389482,0.29536401379610333
0.23315609134521562,3.5800599578761823,0.29487570422159876,-0.5989369462084083,-0.6715309389068118,0.3219206090402813,0.29442801163041
0.23294825840726321,3.5806786180864463,0.29477952296598964,-0.5996120499702012,-0.6709213251544951,0.3229412494823356,0.29332390691226956
0.2330020564989903,3.5812619644549644,0.2948020157053314,-0.6006254402701799,-0.6699777108944079,0.32236034982211903,0.29404549353377896
0.23328220089975277,3.5818225642027697,0.29484708721280556,-0.6017074240367227,-0.6690029414012217,0.32162367787724316,0.2948583559683218
0.23356316754118162,3.582436353334392,0.2948479383559632,-0.6026992770971927,-0.6681350032942757,0.3216591063533561,0.2947619684753466
0.23375009212865516,3.5831292903509633,0.29477610314186486,-0.6036755933706938,-0.6672597989837296,0.3221064066303801,0.29425771262011013
0.23384765262964272,3.583887771567608,0.29451586179176487,-0.6046462656604841,-0.6663746341916299,0.32271194605234366,0.29360643760642197
0.23413748993042285,3.5846251505702296,0.29435014134893134,-0.6058144855390838,-0.6653027392093752,0.32234325393277163,0.29403384321464054
0.23441845982906592,3.5853986867719883,0.2940665144666905,-0.6069226454301193,-0.6642980231066777,0.32249157114658467,0.2938574918223026
0.23458678786199763,3.5862592592505305,0.2938265553994808,-0.6080474638364237,-0.6632575517859646,0.3230779782148384,0.2932376539832762
0.23496269679229373,3.5870839973730035,0.2934358689110608,-0.6095228741082689,-0.6618905943808963,0.3220734392769534,0.29436611000798907
0.23531556475045487,3.5879761123284437,0.29371993279866565,-0.6107946396462915,-0.6607231223237965,0.32221388753170177,0.29419903889676424
0.23561782948311097,3.5889102844206024,0.2936667721224777,-0.6120601810662047,-0.6595466807054621,0.3225886668439465,0.2937976561299955
0.23579812269932374,3.5899066928055894,0.2938083292050503,-0.6132714616029147,-0.6584076831791197,0.3231737539084032,0.2931828131028517
0.2359041256035243,3.590950068516355,0.2936413342204581,-0.6145152077618188,-0.6572243741575264,0.3239080112995646,0.2924222660104383
0.23619496463239156,3.5919727464776616,0.29348908194506507,-0.6160063657090672,-0.6558421065233736,0.32361946969302696,0.29270758027853794
0.23669687283309496,3.592960612826501,0.2936679481768948,-0.6175163685942584,-0.654448890063858,0.32317264053243255,0.2931375602403442
0.23720614242703084,3.5939478003747687,0.29291711548654614,-0.6190272375958279,-0.6530535070980011,0.3227843951669185,0.2934904261099983
0.23761330642768816,3.5949945225417,0.29297867685409495,-0.6204192252620017,-0.6517302267904087,0.3230278611406142,0.29322465336318954
0.23791091549626248,3.5960885701754126,0.2931903658600308,-0.6217709016811973,-0.65042642739098,0.3235132846249264,0.2927209644784108
0.23811909846207263,3.5972080719089594,0.29327933813883955,-0.6230657993589364,-0.6491694326583962,0.32410816181897695,0.2920992242604081
0.2382311960523478,3.5983500162864424,0.29329783770128687,-0.6243165770049115,-0.6479451751515599,0.3248143309826,0.2913614800604801
0.23850103542200862,3.599444656892309,0.2934386381700599,-0.6257406922432958,-0.6466079860241984,0.3246874050524181,0.29141857778968216
0.2387858835902362,3.6005314938446507,0.29284516343585754,-0.6270910577204266,-0.6453137888075736,0.32477555325646335,0.29128638709845656
0.23932399485103267,3.601545130294272,0.2926378494863546,-0.628611991676032,-0.6439002990525492,0.3241170290494902,0.2918690121977406
0.23984812864248667,3.6025547020124646,0.29255325940925375,-0.6299783409231471,-0.642576983663888,0.3240914365315434,0.2918678653090844
0.24028752480469273,3.603583197538188,0.2925088708137009,-0.6312850765358852,-0.6412862593151633,0.3243353006671368,0.2916122399657249
0.24062834656529902,3.6046380766763635,0.29247060736959957,-0.6325599541219452,-0.6400123672970729,0.32474747936328846,0.2911891975936826
0.24086897904635507,3.605722814300047,0.29242379155511855,-0.633813923793544,-0.6387481016806321,0.3252939570424732,0.29062796513152866
0.2410109528839045,3.6068398323907966,0.2923617116408166,-0.6350532316854784,-0.6374885507117554,0.32596263729583946,0.2899380963661378
0.24132161168246657,3.607920427511004,0.2924263986193927,-0.6365061545847522,-0.6360967453126589,0.32574865679704806,0.2900494067798032
0.24161870314382314,3.6090080392548733,0.2924308820221204,-0.6378464066539895,-0.6347631423061507,0.3260121568333466,0.28973054427365347
0.24184537296136233,3.6101208849388176,0.2923877742723081,-0.6391416314213184,-0.6334470545637492,0.3265111671165417,0.28919415934078474
0.24198521578057486,3.6112663001844525,0.2923077711697059,-0.6404163366288086,-0.6321341473377553,0.32716833105046617,0.2885034119489432
0.2422981182060186,3.6123818286351845,0.2923525148757835,-0.641920990930603,-0.6306794770702236,0.3269481164393768,0.2885927368487796
0.24260032884999755,3.6135105230539026,0.29233553920701083,-0.6433203951127783,-0.6292694214235045,0.3272178420206492,0.28824876124042537
0.2428928722366858,3.614642352723396,0.29155392671759073,-0.6446684161761196,-0.6278956777148215,0.32756496669486074,0.28783822485249744
0.24344205142153433,3.6157284045845404,0.29125146033956906,-0.6462927314864889,-0.6263408004670794,0.3269650873180147,0.2882650491702695
0.2442186474125282,3.6167752060636564,0.2910378112258683,-0.6480727228417454,-0.6246616510904986,0.32585811732675146,0.2891644081446869
0.24495216399297218,3.61784683334737,0.2913253497648912,-0.649622493075681,-0.6230945302943133,0.3256646079368501,0.289285993343624
0.2456205644323146,3.6189504149026352,0.2914442815659732,-0.6511471490295653,-0.6215207238618935,0.32569728750955507,0.2892069449888764
0.24620450014612397,3.620096717537556,0.29146576422099546,-0.6526658451974562,-0.6199311019202138,0.3258954615193608,0.2889720947527398
0.2466919950958982,3.6212919801553474,0.2914424052973987,-0.6541784754492973,-0.6183285293049684,0.32624962289459847,0.28858540446035075
0.2470816286073024,3.622539217486514,0.29138334785540065,-0.6556936545792843,-0.6167065586449826,0.3267423601814056,0.28805951109420685
0.2473745192877385,3.623840973188685,0.29129298764859884,-0.6572167620624864,-0.6150600901270298,0.3273668419233944,0.2873989631264502
0.24763143267352677,3.625156905519833,0.29052751863690685,-0.6586854760728162,-0.613465796872827,0.32804911670519477,0.2866651996787899
0.24775544309781813,3.6265439749144304,0.2900694744962884,-0.6601930512348696,-0.6118033230407492,0.32890188757345085,0.28577154751327977
0.24778064025546587,3.62799916174206,0.2901972077239591,-0.6617443185517352,-0.6100952008758589,0.32977891241021867,0.28482305324938595
0.24798768076276118,3.6294424484481285,0.2903235412095689,-0.663594092741891,-0.6082103610997787,0.32967911866125327,0.2846659717066777
0.24827446385636673,3.6308730057597547,0.28983380600151426,-0.6654906117154461,-0.6062909213632086,0.3292428468892375,0.2848380454985737
0.2485256960646768,3.6323524460373173,0.2899237153812557,-0.6672016791590335,-0.6044186871552674,0.32977484320755573,0.28419803435690044
0.24873987425596925,3.6338456257210714,0.2893847411610775,-0.6688055241323123,-0.6026189897903845,0.3305435740756849,0.283355729907508
0.24912140515272604,3.635323350692221,0.28984809477092643,-0.6706398298275204,-0.6006826759942263,0.3306085512215287,0.28305569640718514
0.2492752806336853,3.6366458393276324,0.2904855392246086,-0.6712607807323605,-0.599902253033027,0.33160816636912044,0.28206785540684065
0.24941495764562327,3.637915404218568,0.2904697332357685,-0.6722087108521371,-0.5990142645664653,0.331820249643673,0.28144747614224563
0.24933546443722807,3.6389912787194327,0.29057735917017435,-0.6720347193466977,-0.5990640505284929,0.3330385939226393,0.28031570472425715
0.24938713322123057,3.6399927133613788,0.2902953728553945,-0.672714625078846,-0.5988673369298355,0.33175009095715646,0.2806328974185632
0.24961744099959712,3.6406351721488,0.29054154790808323,-0.672758183599048,-0.5989867855398421,0.3306974317233641,0.28151459251831407
0.24973478481569197,3.641119787512676,0.29054227603742916,-0.6718309693327699,-0.5997023076172812,0.3311056503712365,0.2817256452227304
0.24971978163862804,3.6414762390116087,0.290213563527057,-0.6703491513755044,-0.6009577053912446,0.3320456625120685,0.2814738524054716
0.24982576768526688,3.6417229490048877,0.28951184429362786,-0.6699637321595502,-0.6019660275495111,0.33012819930476817,0.2824904800005194
0.25004454038040763,3.6418418668933397,0.2884617860106463,-0.669797225283506,-0.6027862506736757,0.32810124211523345,0.2834960104194674
0.24993669206021807,3.641649317450147,0.2888847862210158,-0.6690206232810384,-0.6035575844480973,0.3283712065161521,0.2833760727566476
0.24966695289016666,3.641442170083153,0.2895460373001718,-0.6684382061722834,-0.6040728023195295,0.32893080125421365,0.28300343109809944
0.24929656748288942,3.641269787939889,0.2902263382101482,-0.6679865119472389,-0.6044590773256721,0.3295615607476311,0.2825109225725071
0.248955355373585,3.6410965143394654,0.2902437300949305,-0.6677056615804569,-0.6047570470613112,0.3296566253773689,0.2824262255314079
0.2486941298824997,3.640913808420519,0.28971163771422564,-0.6675638146690821,-0.6049677723902707,0.32930290078180763,0.2827227391815687
0.24848851283106427,3.6407824582814747,0.2896918251568767,-0.6674222886423347,-0.6051165888968045,0.3294152712281996,0.28260746902196465
0.2484812022923668,3.640661086819615,0.2899393719724374,-0.6675073082901625,-0.6050939606356809,0.3289515890411547,0.28299495445815165
0.24854683559871196,3.640535386645598,0.2896371695251586,-0.6676054741023032,-0.6050575558339986,0.3283597966977606,0.2835280038893111
0.24850787744017827,3.6405058635557386,0.2901374561123043,-0.6675866573796855,-0.6050455435885465,0.32857674817066235,0.28334654688892413
0.2484399145856773,3.640490863564194,0.28993179755584225,-0.6675133006500802,-0.6050748912145345,0.32894264580136023,0.2830319862668898
0.24831589836892054,3.640495946871957,0.2891510122863498,-0.6673813811300876,-0.6051476116068125,0.329478264439846,0.28256421137362614
0.24835058399520057,3.6405278409584043,0.28967128692421334,-0.6675348094799781,-0.6050185952986522,0.3292981466790457,0.2826880048200597
0.24848472101442998,3.640578387575879,0.2902407463519703,-0.667809610288912,-0.6047836390915071,0.328948867681873,0.28294825806822727
0.24862189169820512,3.640634215352396,0.2900467114656991,-0.6680120806622765,-0.6045867141298904,0.32880942705672334,0.2830532209064807
0.24872049102803268,3.6407051417330014,0.289294712640063,-0.6681015053547052,-0.60446171492165,0.3289742410642316,0.28291758950795676
0.2485715025558374,3.6408893694338103,0.2897198242894811,-0.6681723784218565,-0.6043070183340509,0.32957106978863515,0.28238557021329624
0.24852322633370008,3.6410640704813106,0.2896180870569932,-0.6686033754357475,-0.6039582581825925,0.3288837319710196,0.2829124238590688
0.24852305674619604,3.641277131879836,0.28997436614937333,-0.6689167384124594,-0.6036271314693054,0.32893254030910946,0.2828216171928808
0.2485038687536633,3.641501161447306,0.2896583370738676,-0.669131896342028,-0.6033584149366974,0.3292345131049416,0.2825345355941018
0.24853830880095001,3.641716452072571,0.2889709781384561,-0.6694411637720812,-0.6030607902132543,0.329080219979088,0.282617091438906
0.24855712646476044,3.641967925575167,0.2895140008866347,-0.6697384416450464,-0.6027268264276124,0.3292191803299867,0.2824633140608534
0.24855351956821,3.642241709114522,0.2899101893444836,-0.6700399154521592,-0.6023755774535772,0.3294481002560782,0.28223062311878716
0.2485848106256054,3.642511718295934,0.2897441315097283,-0.6704082385200113,-0.6020065700784973,0.3293424699513732,0.282266577534736
0.24869194147961193,3.642765493217104,0.2891508980467546,-0.6708296766794151,-0.6016168501777847,0.32896729207954933,0.2825335930650129
0.24849327943572444,3.642954888961117,0.2896556474649757,-0.6706469096610187,-0.6017145868157483,0.32963812083520533,0.28197692789932094
0.2481787963952756,3.643087798149921,0.2897424424188911,-0.6699410974857851,-0.6023737274917641,0.33064079813862146,0.2810720209012282
0.24800626797657693,3.6431752064769154,0.2894323540344472,-0.6699439419364592,-0.6027152563782134,0.32939438857376496,0.28179561949704535
0.24810865687927738,3.643184136281717,0.2891618842357661,-0.6703372067262987,-0.602770032241664,0.3271996589676237,0.2832961360154122
0.24807883857595112,3.643056199599121,0.28977672020569206,-0.6699262820919382,-0.6031510891939396,0.3272956297445105,0.2833462738714015
0.24791437896719976,3.6429416517051045,0.2903956047930502,-0.669537904105419,-0.6034561186984779,0.32782394515308644,0.2830038316980585
0.24771369567201157,3.642832504428994,0.2902729212502661,-0.6691379445928334,-0.603767633010263,0.3284424548657404,0.2825678861389851
0.24745132165466643,3.6427350387572544,0.28954850687777783,-0.6687200735917381,-0.6040921652711018,0.32918341430182935,0.28200070705966
0.247413189174704,3.6426415590621546,0.2895828678373664,-0.6687545705263193,-0.6041096919298051,0.32886122727984957,0.2822571481976163
0.24738520098074362,3.6425886436554675,0.28979251380096116,-0.6687652991309994,-0.6041015737986704,0.3288755669683345,0.2822323947803958
0.24740389311793018,3.6425371787861525,0.2894834136491795,-0.6688374853302103,-0.6040623571647517,0.3286027941344981,0.28246290121138345
0.24733290183269496,3.6425700782142862,0.28999412296593857,-0.6688633923940287,-0.6040010139895988,0.32885860693864616,0.2822349270680144
0.247288635534832,3.642605773343883,0.28991644052874505,-0.6689609390031044,-0.6039131993987342,0.3287800609187659,0.2822831578793682
0.24722272597863898,3.642651588549108,0.2892529284647301,-0.6689515511176102,-0.6038847171649366,0.32902940617383386,0.28207573540609354
0.24733484670811015,3.6427135755832882,0.2897750316912373,-0.6691857922896813,-0.6036803995881439,0.32874188256094544,0.2822926233556984
0.24749270367898402,3.6427712665604184,0.2896794360578942,-0.6694525820373931,-0.6034596253790193,0.32827451798850954,0.282675718413024
0.2475745019821044,3.6428754950839757,0.28977402855603496,-0.669601420645269,-0.6032682993856232,0.3284257465135349,0.28255588023127304
0.24761378599550077,3.642994558951272,0.2892456035454833,-0.6696794449118353,-0.6031282102579986,0.32876872847025845,0.2822710155748118
0.24741927448956222,3.643219835025897,0.2896958774370251,-0.6697629051512414,-0.6029467378481863,0.3294574292684506,0.2816570334670342
0.24732774166109844,3.6434358249229777,0.2896276633315153,-0.6702170696582107,-0.6025686197819168,0.32883015849139996,0.28211852980515884
0.24734430570245713,3.6436329494787865,0.28908585786657137,-0.6706619144374797,-0.6021864711074728,0.32814394816960446,0.2826757856942716
0.24709060137503952,3.643771424270599,0.28956630201509653,-0.6704087078286602,-0.602345714755728,0.3288258760321087,0.2821441965284064
0.24668205655393463,3.6438483772920414,0.2898693481680235,-0.6697443903355395,-0.6029375685026859,0.32983487690116414,0.28127867690560115
0.24640122944556014,3.643889755985134,0.28972056730383006,-0.6697193712107969,-0.6032277914074714,0.3288328929590369,0.2818884956980254
0.24623731941843374,3.643881365972916,0.289114110969089,-0.669729980791537,-0.6034416043167421,0.3278460250062383,0.2825543609577441
0.24582628159410602,3.643759399625005,0.28951852040263315,-0.6690696701099136,-0.6040318556871782,0.3285296099567112,0.28206309442362876
0.24534820625227227,3.6436545942783867,0.29002366695553494,-0.6686407789814145,-0.6043977404051032,0.3292019483371002,0.2815119132246737
0.24496957193249136,3.643538148377614,0.2899598181668593,-0.668625950919721,-0.6045345995935673,0.32851864520525625,0.28205098014981894
0.2447085727737941,3.643400073676347,0.2894265442840409,-0.6686106129818815,-0.6046471862295648,0.32782133314348405,0.28265668562536794
0.24435664002404836,3.6433535333333094,0.2898792431417603,-0.668394977928528,-0.6048123014459826,0.32835698485869536,0.28219128972041235
0.24404374760694664,3.6433097643179124,0.2897754292267685,-0.6682844864189984,-0.6049244314947765,0.328492986566901,0.2820543124449645
0.24381260275984673,3.6432584140301163,0.28924789090577346,-0.6682449987043856,-0.6049914670592909,0.3283572012627659,0.28216217831405577
0.24363311888525616,3.6432637388662994,0.2898299266236798,-0.6682326975384448,-0.6049936733324621,0.32853062119062304,0.2819846593492591
0.24349315021746554,3.6432690268894965,0.28980504353848996,-0.6682743720318837,-0.6049698428611158,0.32844882612361487,0.2820323058304397
0.24342891966203084,3.643264474501022,0.2893227914655338,-0.6683640227627164,-0.6049186733829449,0.3281418310677402,0.28228685830657196
0.243235731572432,3.643345747189897,0.2898183820943351,-0.668344803233798,-0.6048809392427397,0.3285989331280158,0.2818812063234331
0.2430717157380004,3.6434273447044894,0.28973931377134643,-0.668414644548866,-0.6048102636492293,0.3286639488314066,0.28179144180712157
0.242980047901596,3.643496986816309,0.28922364210448576,-0.6685426482982633,-0.6047119207333266,0.3284555990210005,0.2819417312161119
0.24290886066018863,3.6436020795675286,0.2898041266374413,-0.6686612812729752,-0.6045761034432928,0.328579784478744,0.28180693977196014
0.2428726880696157,3.6437040714863898,0.28977321616063995,-0.6688324323141361,-0.6044214729970602,0.32844365390961355,0.2818911610379963
0.24290868483775227,3.643792696075515,0.2892813040181754,-0.6690525726519156,-0.6042427180252655,0.3280730573688548,0.28218338322794945
0.24280268966426258,3.6439565810204875,0.2897800334554271,-0.6691482325439357,-0.6040834295063277,0.32848278956996496,0.28182070547701366
0.24272182576697773,3.644118798875893,0.2896992642579164,-0.6693290612352533,-0.6038984432999323,0.3285070497238975,0.2817594652315705
0.24271049898378438,3.6442668076084344,0.289177968208546,-0.6695691467416347,-0.6036887389129734,0.3282487155471441,0.281939434955488
0.2425520703116769,3.6444896967153864,0.2896559446104876,-0.6696930014940338,-0.603489136214852,0.32875331019445886,0.28148429309070905
0.24242089609851475,3.6447102983017836,0.28956443471352566,-0.6699069987209078,-0.6032624646182,0.3288526638438476,0.2813448725858581
0.24236208264214834,3.644915216996197,0.28903921990200554,-0.670179404115529,-0.6030138380847224,0.3286603871405066,0.2814537747168539
0.24228509262125705,3.645004465180166,0.2897342614796107,-0.6701091573410644,-0.6030584903526799,0.3287791269403387,0.281386673724202
0.2422353287839961,3.645076092297253,0.2897880526194455,-0.670141847356282,-0.6030569830116955,0.32863006911415826,0.28148615833960877
0.24225093296940808,3.64512441758197,0.2893593251908032,-0.6702572842645605,-0.6030057576062883,0.3282451865674668,0.2817699889613474
0.24212969230948875,3.6452378364592963,0.28987267252098536,-0.6702856015060311,-0.6029207752942319,0.32863991132155707,0.28142416353057886
0.24203356692954936,3.64534942725092,0.2898026568251729,-0.6704053289664844,-0.6028037444330873,0.32865285197050076,0.2813745608303485
0.2420065968502871,3.645447919929802,0.28928956949313356,-0.6705893827205259,-0.6026556118844464,0.3283887513526454,0.28156157627020845
0.2416927896178849,3.6454955805426317,0.28976223128472695,-0.670212835923499,-0.6029585911159072,0.32911985083920653,0.28095518458733926
0.24148521630602313,3.6455205985956756,0.2897376804364782,-0.6702883870654229,-0.603033427165666,0.328440849155552,0.2814085508510211
0.24138233130312803,3.645514900990849,0.2892330350918235,-0.6703869075613105,-0.6030624812514493,0.3277227977186782,0.2819482323631367
0.24102189900438956,3.6454405418207303,0.28966770847805545,-0.669843694231278,-0.6035350728161385,0.32841235409830105,0.281425242036054
0.2406800665440872,3.645344615174534,0.2895578463749983,-0.6695057806215365,-0.603902190008828,0.32859402165473095,0.28122966335307814
0.24055642622205994,3.6452273222781035,0.28979659043845707,-0.6694883654852366,-0.6040104774670917,0.3281852726393978,0.28151571610216247
0.2405090914323602,3.6450992119367482,0.2894950221724811,-0.6694982221993695,-0.6040849556723104,0.3276595319704682,0.2819445475819446
0.24032381059125113,3.6450644756437196,0.29000849093997827,-0.669368701272239,-0.6041701527475903,0.32808195472164153,0.28157805182954826
0.24010852226940627,3.645043286194382,0.28980359250056714,-0.6691941163681352,-0.6042872431520071,0.32863695763243805,0.2810941345174968
0.240046359414903,3.645006575393245,0.28923332670066193,-0.6694972406538282,-0.604127514065055,0.3275422451771922,0.2819919664295395
0.23995066542837717,3.6450424472554914,0.2897498610311847,-0.6695264231062901,-0.6040687711623204,0.32774630001728783,0.28181137538067375
0.23983279633089538,3.6450897399239883,0.28955686758192895,-0.6694931203268809,-0.6040518680479025,0.3281291484089567,0.28148101979930495
0.23966931558283197,3.6451872606256686,0.2896580063245084,-0.669537702675454,-0.60396440617129,0.32848220720722304,0.2811506719226104
0.2395529470165877,3.645282663646995,0.289284179090745,-0.6696629851191487,-0.603848119096152,0.3284429075503138,0.28114798933172946
0.23964215457290783,3.6453812061698216,0.2898482600520737,-0.6699418993494398,-0.6036040591233076,0.32812774819186813,0.281375500306074
0.2397268139847619,3.645484459181404,0.28971206230645435,-0.6701054469017301,-0.603420907618878,0.328141530892165,0.28136281556882436
0.23986388489539393,3.6455795253611996,0.2891440909517487,-0.6703546492676938,-0.6032038138555642,0.32779508140587527,0.2816383989470057
0.23968380192910343,3.6456254097340435,0.28964149493505953,-0.67004248162921,-0.6034553402231,0.32840077183295563,0.28113636945073384
0.23951150751778102,3.6456545091899684,0.28956979380187975,-0.6699218810288197,-0.6036092992543289,0.32849517264368805,0.2809829331513346
0.2394012872654594,3.6456613313134336,0.28906275194715225,-0.669916287237777,-0.603683479693742,0.3282782248349985,0.2810904330239962
0.23943364225364555,3.6456725012973887,0.2896777759380876,-0.6700297315338019,-0.6036045800899241,0.32807806493171254,0.2812231375009868
0.2395068142090791,3.645679197016717,0.289657263887101,-0.6701838841289413,-0.6035014367305481,0.3276969595458681,0.28152136690210916
0.2395133212903235,3.645731228368368,0.28978060945027073,-0.6702477058050633,-0.6034019661990326,0.32789095266063817,0.28135671879931723
0.2394801130864853,3.645798313109442,0.2892724162248803,-0.6702452995865076,-0.603347910613196,0.32827432408668683,0.2810311464701741
0.23944738235347227,3.6459194095776217,0.28980714559113663,-0.6704098388253017,-0.6031653004663624,0.328390845123238,0.2808945018308994
0.23944902458416492,3.646039611340016,0.2897409148641589,-0.6706277145591415,-0.6029636811037612,0.32823400632977207,0.28099057782018194
0.2395232021626897,3.6461481547704184,0.28922080080841667,-0.6708955405243435,-0.6027377453873973,0.3278351242223515,0.28130146696384195
0.2393070927520816,3.646205389397361,0.2897239351041216,-0.6705867607651215,-0.6029795709859858,0.3284554967627781,0.2807953345524877
0.23910274680776986,3.6462452390487856,0.28965773028048214,-0.6704664185391449,-0.6031273156915163,0.32857447217369545,0.28062615507796845
0.23896313402352148,3.6462627668348087,0.2891563085702476,-0.6704607711717658,-0.6031967548901725,0.32838501676513804,0.2807121478915984
0.23897135588603968,3.646283956159515,0.2897736735823885,-0.6705731763416302,-0.6031163890560629,0.3282114538550809,0.28081929773688147
0.239021053858698,3.646300639810802,0.2897566324948955,-0.6707264595783942,-0.6030119059353877,0.3278573599458256,0.28109110489481137
0.23905833677003022,3.646322367978411,0.2891508958417214,-0.6707507974618279,-0.6029677123858599,0.32791823804523973,0.2810568175330734
0.23874438948120433,3.6463104109315623,0.2895794909274382,-0.6702846018800632,-0.603368532207407,0.3287284452307708,0.28036150969873463
0.2385487471559278,3.646275259155092,0.2895284364895952,-0.6703372954875408,-0.6035014286709534,0.3278282940640059,0.2810027499539472
0.23844130248639442,3.646232334016397,0.2897087185291533,-0.6703111895671766,-0.6035633842894784,0.3277411412644463,0.2810336182892994
0.2383947991306307,3.646181390979306,0.28937709928758104,-0.6703465540337855,-0.6035828378779338,0.32742617225562404,0.2812745225510279
0.2382250090823146,3.646214504394276,0.2899073030908647,-0.6702954779008559,-0.6035864036721124,0.32783408034838707,0.2809132274742251
0.23802693414100445,3.646259921854902,0.28971684650735574,-0.6701962113863037,-0.6036226583212486,0.32838210969106946,0.2804316576984594
0.2379799087684203,3.6462896159660194,0.2891526536970552,-0.6705724338092649,-0.6033878674737414,0.32729543678592565,0.2813065755714736
0.2377435400638773,3.6462550583997486,0.28967545207304135,-0.6702104092041775,-0.6036854433058367,0.3277561560159033,0.2809942973241856
0.23753109151694585,3.646203146002957,0.28961800735846066,-0.6700184697078749,-0.6038994983297924,0.32779406029435315,0.2809478602928203
0.23738925847759246,3.6461308425224512,0.2891191866742396,-0.669937371486898,-0.6040399988946812,0.3275479989963307,0.28112613961364147
0.23711443276157884,3.646141139435779,0.28960548678094084,-0.6697953500111283,-0.6041292917797014,0.32806408832025485,0.2806705219146742
0.23687165906051907,3.6461529324681474,0.28952379701524783,-0.6697607248343342,-0.6041679457735711,0.32817196255627545,0.28054380720508204
0.23690066069296883,3.6461338236239085,0.2895865157362482,-0.6701160517277397,-0.603952465439499,0.32706842456128854,0.28144651776385876
0.2369086327459676,3.646155601731888,0.2900949850902848,-0.6701745751436058,-0.6038703915786778,0.3271428258660168,0.28139680255846533
0.23689330898565175,3.646187914720515,0.28990169211849104,-0.6701689178409406,-0.6038308758309223,0.3274059448601934,0.2811889795553826
0.23682581169373335,3.646236630586407,0.289135667758875,-0.6701014997483772,-0.6038340460352274,0.32786265550122173,0.2808104414216453
0.23683986229600823,3.6463136628331516,0.28971672653209024,-0.6702553677151782,-0.6036862188501054,0.3278062512760419,0.2808269090451128
0.23689135815206738,3.646387410126022,0.2896769636890483,-0.6704561655982273,-0.6035173805019065,0.3275278584979753,0.2810352350706217
0.2369267732757851,3.646466546210256,0.28905110983528914,-0.6705283061300585,-0.603414232997836,0.32764007148364,0.2809537998536647
0.2366052349651589,3.646507737400081,0.28947640716564343,-0.670104354579288,-0.6037650907094098,0.32848983098523526,0.2802183080276087
0.2364655099142147,3.646510687866393,0.28991068458216596,-0.670169525529322,-0.6038211759640156,0.32800089699095675,0.2805141816065542
0.2363968143338192,3.6464957163750875,0.2897504506117346,-0.6702580442096615,-0.6038410209600987,0.32743991045146387,0.28091507724163284
0.2363358312793191,3.646475211677399,0.28903108146678647,-0.6701943660461248,-0.6039057709945047,0.3274474160703214,0.2809190651922107
0.2360781787680355,3.6465557417745758,0.28946450975625054,-0.6701136525128711,-0.6039133510524908,0.3280499365028483,0.2803918620376087
0.23600839276143193,3.646621489768405,0.2898406617034787,-0.6703937158230413,-0.6037088364321369,0.3274824016514478,0.28082589483051773
0.23596168190166664,3.6466875747336442,0.2895566131341038,-0.6705057104634176,-0.6035881591432264,0.32742377755698443,0.280886269277057
0.23590698417587577,3.646788473572555,0.2896272629722009,-0.6706219368381363,-0.6034413058402346,0.32758238052891264,0.28073936703700836
0.23590244030587665,3.6468853347245824,0.28922097191707463,-0.6708110108887649,-0.6032686964884197,0.32739896010562797,0.2808725483726381
0.23561663660627713,3.6469409908836066,0.28971497430463056,-0.6704644030460648,-0.6035446397884663,0.32811526043594536,0.28027081171569806
0.23534277112026095,3.6469799227930064,0.2896476965329277,-0.6703087430338978,-0.6037239760868633,0.32831318813727917,0.2800249992506921
0.23520202856940695,3.6469973558548303,0.2891007931264607,-0.6706201396991395,-0.6036416189391125,0.32690068740856043,0.281107389953225
0.23492124185867166,3.646913471844288,0.28962000694434825,-0.670162289539328,-0.6040320644873269,0.32733011565866194,0.2808607593336962
0.23461199054518478,3.6468315119347445,0.2900194896137854,-0.6698568697947523,-0.604291792618162,0.32774921375511396,0.28054171926121585
0.23434352614111695,3.6467425933355853,0.2898714470435389,-0.6696836210704389,-0.6044819676293439,0.3277855007970069,0.28050323340066285
0.23415751155831652,3.646640871561862,0.2893068737819985,-0.6695983243006804,-0.6046129484771279,0.32755757542844033,0.2806907576087716
0.234068782989464,3.6465944439405877,0.28984192330825015,-0.6696053726654578,-0.604616909758754,0.32754888280807015,0.2806755541591447
0.23402232805801745,3.6465487885592918,0.2897733009159805,-0.6696590059988244,-0.6045950499188986,0.32732038391174845,0.280861189156007
0.23405326877081423,3.646494781443075,0.2892501772141462,-0.6697599988679583,-0.6045444913393153,0.3268761044744644,0.281246358609867
0.23394856711029482,3.646533384810271,0.28975619355556015,-0.6697491777434257,-0.6045086793402146,0.3272172012088825,0.28095230689106354
0.23381430730793276,3.646584599302422,0.28954987137400584,-0.6696878387432915,-0.6045093434315246,0.3277006139512524,0.2805333491036819
0.23362375065400595,3.646689006540077,0.2896434547146759,-0.6697199808551215,-0.6044294145194825,0.32810713873849023,0.280153414428456
0.2335581138583924,3.646779947658904,0.28924256509365537,-0.6701866953695911,-0.604104257770656,0.3269407416431914,0.28110067688780405
0.23348330758464267,3.64691976124469,0.28978691653446936,-0.6703273625948428,-0.603922034431468,0.327143998613526,0.2809202866579455
0.2333882739348362,3.6470689815673523,0.28961703818926254,-0.6704004917959736,-0.603785109147076,0.32753471021187475,0.280584632826575
0.23334032518868247,3.647210667181042,0.28904240270854403,-0.6705820252737347,-0.6036120547478934,0.3274577539606117,0.2806129970509288
0.2329809272826993,3.6473020097533393,0.2894869085423283,-0.6702113538222599,-0.6039009195035436,0.3282953874945101,0.27989740831306026
0.23274159580037404,3.6473686147606093,0.28945040676944983,-0.670355965664385,-0.603929945436076,0.32743187514773786,0.28049931807584644
0.23254364777056494,3.647426192130136,0.28993894368112944,-0.6703264368770334,-0.6039488170163475,0.3276145010078701,0.2803159524138606
0.23238974965900955,3.6474753817920416,0.28984615209156633,-0.6703712615291609,-0.6039302184274227,0.3275282823072859,0.2803495804792226
0.23231567493237626,3.64750844476023,0.28931466836222575,-0.6704762358581923,-0.6038737408328555,0.3272166736047219,0.28058398171858406
0.23210983668170634,3.647622266500887,0.2897963632269631,-0.6704772976280845,-0.603810309919149,0.32770246081514176,0.2801506740602525
0.23193419821189548,3.6477356454439533,0.2897082100071627,-0.6705718240158934,-0.6037125252861446,0.32778851992927716,0.2800344654702859
0.2318322699284517,3.647836517204334,0.2891867777181485,-0.670726966868574,-0.603586343207449,0.3275969755552919,0.2801590330790688
0.23188708652363865,3.6479423263541593,0.2897925987672783,-0.670956307270407,-0.6033757754842312,0.3274103593952816,0.2802815795830068
0.23198414277174687,3.6480432241388074,0.2897642728193737,-0.6712226404303382,-0.6031476858717294,0.3270401297234388,0.2805669074424313
